comment,date,author,like_count,reply_count
"Buy Stepper Motor :https://s.click.aliexpress.com/e/_DeafOsZ

Get Free PCB on First Order: https://www.nextpcb.com/?code=thewrench",2023-02-02T07:34:48Z,The Wrench,84,17
Great!,2023-04-24T19:39:39Z,Adolfo Chora,0,0
Genial,2023-04-23T10:31:17Z,Roman Solotoy,0,0
"could send the me the min hand STL file, actually its missing in your description file.",2023-04-18T09:10:40Z,K for KOLKATA,0,0
"Wow that is amazing!
I love it!
I'd say you're pretty good at making things, aren't ye?
Greetings from Ireland ğŸ‡®ğŸ‡ª",2023-04-15T22:05:26Z,NausicaÃ¤0707,0,0
"Could someone please explain to me the  design purpose of the spirals on the shaft attached to the motor,  as in would the system operate differently if the spirals were to be deleted from the shaft?",2023-04-14T14:25:54Z,Femi Osusa,0,0
Love it,2023-04-12T04:13:03Z,Joash Liu,0,0
"I love how simple yet mesmerizing the design is, like you wouldn't have expected this to work unless you had some engineering knowledge",2023-04-11T09:05:04Z,James TDG,0,0
ĞšĞ°ĞºÑƒÑ Ñ„ÑƒĞ½ĞºÑ†Ğ¸Ñ ÑˆĞ½ĞµĞº Ğ²Ñ‹Ğ¿Ğ¾Ğ»Ğ½ÑĞµÑ‚?,2023-04-10T06:07:55Z,Smiler SP,0,0
No RTC?,2023-04-10T00:38:06Z,Donald Klopper,0,0
"Meh, I was hoping the hour hand was controlled by a motor on the axis. Much more complicated, but achievable.",2023-04-09T20:16:16Z,Tim Hinchcliffe,0,0
Genious,2023-04-09T18:27:41Z,bar10dr bar10dr,0,0
"ğŸ˜‚ fml! Iâ€™m trying to figure it out?
I found the motors.
I need the zip file to upload to nextpcm?
What parts do I actually need?
Have you the links to all the parts etc?
Power supply socket etc
Thanks 
Iâ€™m waiting to go on this ğŸ˜‚",2023-04-09T17:52:22Z,supaflydude666,0,0
"Where is the zip file?
Sorry for sounding stoopid ğŸ˜¢",2023-04-09T17:39:56Z,supaflydude666,0,0
Iâ€™m confused! Have you the file that you uploaded to get it printed with all the correct information?  Thanks,2023-04-09T17:01:27Z,supaflydude666,0,0
"I feel like it would sell the illusion better if the middle piece was suspended between two pieces of taught fishing line. Then they would appear to be truly 'floating' as it were, could also make the minute hand slightly shorter to really sell it",2023-04-09T15:45:15Z,Greennou99,0,1
âœŒï¸ğŸ‘ğŸ˜ƒ,2023-04-09T09:04:57Z,Acharya Education,0,0
What happenwd to the black support to the hands on the final product?,2023-04-08T23:41:11Z,Aalap Shah,0,0
So creative.,2023-04-08T13:47:47Z,æ¢…è”µ,0,0
"It's a good illusion. As with the tricks of the magicians: As soon as you know the secret, it takes away a bit of the charm :-).",2023-04-08T10:45:38Z,Alex,0,0
"Very creative work ğŸ‘ğŸ˜ŠğŸ‘ Like so much..!
Make minet ring transparent polymer for more realistic hollow effect..!",2023-04-07T21:05:02Z,Arslan Muzaffar,0,0
But it is not perfectly accurate tho.. Over some time (probably about a week) your clock will not run the same anymore.,2023-04-06T11:58:55Z,StienoGamez,0,0
Such an elegant design!,2023-04-06T09:24:18Z,thedeliverus,0,0
ì‹œê³„ë¥¼ ì‹ ê¸°í•˜ê²Œ. ë§Œë“œì‹œë„¤ìš”,2023-04-06T04:38:18Z,ë¯¿ìŒì†Œë§ì‚¬ë‘,0,0
Probably need an prefect edit at 5:19 ğŸ˜…,2023-04-05T22:45:11Z,Maple7rees-,0,0
creativityğŸ‘ğŸ‘,2023-04-05T18:56:56Z,Adham Tohamy,0,0
my arduino is very big,2023-04-05T14:42:39Z,Bimo Kayoba,0,0
Classic.... ğŸ‘.,2023-04-05T11:20:55Z,Bhujyam,0,0
How is the hour stick moving?,2023-04-04T23:12:38Z,AshhCrackk,0,0
"So where can we preorder, or order this?",2023-04-04T19:14:06Z,Daniel Osawaru,0,0
Ğ­Ñ‚Ğ¾ Ğ¾Ñ‡ĞµĞ½ÑŒ ĞºÑ€ÑƒÑ‚Ğ¾,2023-04-04T13:27:46Z,"ĞšĞ¾Ñ€Ğ¾Ñ‡Ğµ, Ğ’Ğ˜",0,0
"Is it only me, or are more people really annoyed of how the hour hand is one cog behind where it should be",2023-04-04T08:14:45Z,Science in Engineering,0,0
Where can I buy itttttt 50 bucks?,2023-04-03T18:23:35Z,ä½•ã‚‚è¨€ãˆãªãã¦. . .è‰,0,0
Can you please specify which step motor controller I can buy in Brazil. Thank you.,2023-04-02T11:11:32Z,Doni Pereira,0,0
can we get the copy of 3D files ? thank you,2023-04-02T07:42:37Z,Yudhy Darma,0,0
ca u provide the code?,2023-04-02T05:52:01Z,Sapan Sandhu,0,0
"Would prefer a transparent backplate to mount both clock hands with magnets - takes away the stick-something-through-iness, but adds a lot optically I think",2023-03-30T19:32:14Z,Jan,1,0
"Sorry, but you didnt make it. Â¯\ (ãƒ„) /Â¯",2023-03-30T17:22:41Z,Unexpected Sounds,0,0
"This is a really nice example, but you ought to check out the Jefferson Golden Hour clock. It uses a counterweight so that neither hand has to be attached to the bezel or mechanism at all. They're quite elegant and you don't see anything moving since it's all actually hidden. They were in production from 1949 until 1991; my parents received one as a wedding gift in 1954 and I still have it, plus a couple more, as well as a few examples of the other clocks in the Jefferson lineup. There were around 7 models, some available in different finishes, and a couple employed different mechanics to create the illusion.",2023-03-29T14:51:38Z,jettlag,0,0
The most rarest clock ever,2023-03-27T13:32:30Z,Jory Bagayan Nerja,0,0
"Great video, can you link to what soldering iron you use please?",2023-03-26T21:59:25Z,Tim Goffin,0,0
perfect,2023-03-26T04:15:43Z,ÄÃ´ng,0,0
Excellent!,2023-03-25T21:08:03Z,Umar Mughal,0,0
"I love how this clock works.  And it's actually far simpler than the appearance would suggest.  Elegant and simple, very nice combination!",2023-03-23T22:38:50Z,Craxin01,16,0
Amazing!,2023-03-23T01:09:06Z,Atiya Kitchen Vlogs.,0,0
It is amazing what this world has become. You did  nothing but take what someone else has done and called it your own so to speak.. I think I will start a YouTube channel and use other people's intelligence to make  profit...,2023-03-22T08:13:07Z,Prehan Ramsamy,1,0
Can u made counterclockwise for me?? ğŸ˜Š,2023-03-21T14:46:41Z,Fabian Ailon,0,0
amazing,2023-03-20T18:34:57Z,Ayrex,0,0
Shut up and take my money,2023-03-19T14:55:50Z,Dr. Fancy Ng'andwe,0,0
How to purchase this product,2023-03-19T14:39:07Z,NRS Fact,0,0
Great!,2023-03-17T09:00:24Z,Craft - Z,0,0
"Are you selling this?
Can you make one for me?",2023-03-17T03:07:10Z,Jock Ewing,1,0
mantap,2023-03-15T00:39:58Z,KubikDistro,0,0
"*Ğ£Ğ´Ğ¸Ğ²Ğ¸Ñ‚ĞµĞ»ÑŒĞ½Ğ¾ Ğ½ĞµĞ¾Ğ±Ñ‹Ñ‡Ğ°Ğ¹Ğ½Ñ‹Ğµ Ñ‡Ğ°ÑÑ‹ Ğ¿Ñ€Ğ¸Ñ‚ÑĞ³Ğ¸Ğ²Ğ°ÑÑ‰Ğ¸Ğµ Ğº ÑĞµĞ±Ğµ Ğ²Ğ½Ğ¸Ğ¼Ğ°Ğ½Ğ¸Ğµ! Ğ­Ñ‚Ğ¾ Ğ¼Ğ°Ğ³Ğ¸Ñ Ğ²Ñ€ĞµĞ¼ĞµĞ½Ğ¸, Ğ±Ñ€Ğ°Ñ‚Ğ°Ğ½! Ğ¡Ğ¿Ğ°ÑĞ¸Ğ±Ğ¾!*",2023-03-14T09:06:02Z,Video Leaks,0,0
Really Amazing bro... ğŸ‘ğŸ‘ğŸ‘,2023-03-13T05:58:48Z,Draw Box,0,0
what about a fishing lure that seeks fish and stabs right through them... is that possible with arduino?,2023-03-12T18:00:17Z,Golbez,0,0
Well DoneğŸ‘,2023-03-11T11:27:36Z,Ghost,0,0
Great project! it is time accurate?,2023-03-11T10:56:38Z,ÎÎ•ÎšÎ¤Î‘Î¡Î™ÎŸÎ£ ÎšÎŸÎ¥Î¡Î‘ÎšÎ—Î£,0,0
"Mince il dÃ©voile le secret de la pendule du grand HOUDINI, En moins bien, ğŸ˜",2023-03-10T23:09:40Z,cassandre,0,0
I remember you from your giveaway scamming bruh! How's it going to having a million subs channel?,2023-03-10T08:03:35Z,Abu Ubayda,0,2
How does the hour hand move please?,2023-03-10T04:10:28Z,Satheesh Bennet,0,0
please explain how hour hand of watch move,2023-03-09T16:09:31Z,something  new,0,0
Please bro make a rechargeable Vape with lithium battery ğŸ”‹ plplplzzzzz bro,2023-03-09T12:16:16Z,SHADOW FF,0,0
Where can I buy this?,2023-03-07T12:39:01Z,Rahul Muddhapuram,0,0
How does the hour hand move,2023-03-07T11:55:36Z,killerdragon,0,1
You are a genious guy,2023-03-06T15:41:00Z,ProSavage,0,0
Bro can you make RGB keyboard,2023-03-05T14:44:43Z,daivya,1,0
Do you sell this? I want to buy,2023-03-03T05:00:32Z,maglan4,0,0
Amazing,2023-03-03T04:08:33Z,Paper Origami Crafts,0,0
I like it. I am wondering if you can take it a bit further and add a metal seconds hand and do the same thing gearing the magnet with the minutes hand. Making it a bit more of a floating realism effect? Maybe add lighting so the the effect looks more real to everyone that its floating in mid air. what a allusion. Thank for the Youtube video.,2023-03-02T18:06:12Z,snowcatman,0,0
What pcb design application do you use?,2023-03-02T15:50:09Z,Roji April Naldi,0,0
"Hi, I have a question. I ordered the PCB, but I received without the chip, shell I remove from stepper motor and solder it to the PCB. I think you forgot to mention it. Thanks",2023-03-02T11:21:17Z,Franco Catera,0,1
Can i buy it?,2023-03-01T18:15:07Z,Isa Maulana,0,0
Zabavno!!!,2023-03-01T13:19:32Z,MrVasher,0,0
Esta a la venta?,2023-02-28T22:20:37Z,Robb Gomez,0,0
10/10,2023-02-27T17:48:59Z,Ğ’Ğ°Ğ»ĞµĞ½Ñ‚Ğ¸Ğ½ Ğ“Ñ€Ğ¸ÑˆĞºĞ¸Ğ½,0,0
Great type of IInovation ğŸ”¥,2023-02-27T12:57:21Z,Darshan Jadhav,0,0
Hey can you share pcb diagram..?,2023-02-25T17:15:07Z,Adarsh Kumar,0,0
Cáº£m Æ¡n báº¡n,2023-02-25T06:24:18Z,Anh Phan,0,0
Can you make a Nintendo switch,2023-02-25T04:14:10Z,Megacat700,0,0
Do you have a private class?,2023-02-24T14:45:02Z,KPiece Emmry,0,0
Can you provide DC JACK SPEC and adapter board files?,2023-02-24T05:04:17Z,Li Tsung Lo,0,0
"This is an extremely great idea, but a terrible video. No explanation no nothing really. This almost feels unfair to the original owner of the project... You dont even explain how the gear ratio is set you simply make it... I feel sad that this video found me before the original did.",2023-02-24T02:01:58Z,Gokalp Cetin,1,0
"Hello, is the model of the red cover on the hour hand available for download?",2023-02-22T09:22:56Z,slayercjc,1,0
why even use a microcontroller? i'm pretty sure using regular components used in clocks would be far cheaper,2023-02-22T00:22:52Z,i will step on you for two dollars,0,0
I was like oh its probably gears in the minute hand and a mini pc controlling these gears so that its at theright point but then I saw the magnets. LAAME,2023-02-21T10:43:07Z,ThirtyVirus,0,0
"Just an FYI, the minute hand STL in your google drive is currently downloading as the upgraded base STL",2023-02-21T09:55:49Z,EliTheWolf,1,0
Can you share the min hand stl file,2023-02-21T09:28:47Z,Amir Haziq,0,0
You are a genius ğŸ™Œ,2023-02-20T18:40:48Z,Mansi's Handmade,0,1
Imagine making a watch like this for our wrist,2023-02-20T11:06:03Z,NmLikhon,0,0
Are you selling any?,2023-02-19T22:06:04Z,Jord83uk,0,0
"""First I printed all the parts on a 3D printer.""
- at this point, I immediately lose interest.",2023-02-19T19:35:24Z,Olmost Gudinaf,1,0
loved this,2023-02-19T18:35:14Z,Priyank Chaudhari,0,0
really cool,2023-02-19T18:35:06Z,Priyank Chaudhari,0,0
"The Wrench, 
Nice prject, please update Min Hand.stl (model in this is not a minute hand)",2023-02-19T15:50:22Z,ĞĞ½Ğ´Ñ€ĞµĞ¹ ĞšÑƒĞ·Ğ½ĞµÑ†Ğ¾Ğ²,0,1
"Wow, your channel is like a hidden gem on YouTube, keep up the great work!",2023-02-19T14:44:29Z,M1NX 10K?,2,0
ğŸ”¥ğŸ”¥,2023-02-19T14:10:56Z,Mayukh Das,0,0
From where can I get this watch (order) ?,2023-02-19T11:49:19Z,Òœå‚ã„©ä¸‚å‚å°º    å‚å„çˆªä¹‡á—ª    çˆªå‚ã„©ä¸‚å‚çˆª,0,0
i thought it was using the power of magnets or the power of wind levitation. but no. the answer was just hacking.,2023-02-19T06:04:28Z,Sidtanec,0,0
why don't you commercialise it.,2023-02-19T05:52:09Z,Deep Voyager,0,0
Ingenious ğŸ‘ğŸ½ğŸ‘ğŸ‘ğŸ»,2023-02-19T00:24:37Z,Raziel,0,0
Magnets,2023-02-18T04:38:20Z,Harms,0,0
Where can I buy it?,2023-02-17T22:26:45Z,robser,0,0
This feels like one of those magic tricks where it is actually even cooler when you know how it is done,2023-02-17T21:12:18Z,Sebbir,1,0
Most probably will out of sync. As there no quartz.,2023-02-17T19:24:28Z,rahul bali,0,0
Wow,2023-02-17T19:15:12Z,Rifat 1147,0,0
Bro make a video on how to make laptop with affordable price,2023-02-17T18:14:15Z,Mr remy the engineer,0,0
Ñ€ÑƒĞºĞ¸ ĞºĞ°Ğº Ñƒ Ğ¸Ğ½Ğ´ÑƒÑĞ°,2023-02-17T18:02:09Z,eeeMan.rg Rori,0,0
"Bro made the d
Dr Strange clock.",2023-02-17T17:00:29Z,Deepanshu,1,0
Need One How Much This Cost Of Your Watch I Really impressed Your Work Very Well Sir So Please Waiting Your Reply .....,2023-02-17T16:29:06Z,Gohil Yashpalsinh,0,0
Can u provide the 3d printed parts file,2023-02-17T14:24:06Z,Akash_ Saha,0,0
"I will give you an idea,  this is a business idea  ğŸ’¡",2023-02-17T11:18:09Z,BHUSHAN,0,0
"i have been here since 2019, gotta say the video quality has improved",2023-02-17T09:59:39Z,aj,0,0
this is very crazy in my opinion and you are very creative in making something,2023-02-17T09:41:28Z,Menyayur,0,0
Hats off bro ğŸ¤Ÿ,2023-02-17T05:32:18Z,Deep Bansal,0,0
Thatâ€™s amazing,2023-02-17T00:55:39Z,paul meynell,0,0
"I want to learn about the Arduino ,digital logics and circuits ,controllers and the coding behind it 
Can any body tell me where to start ? (any help is appreciated )",2023-02-16T21:00:07Z,Nova,0,0
"You didn't make that any more than a sad 50 year old single accountant ""made"" microwave lasagne for dinner. 3D printing is not skill. You're just a shill.",2023-02-16T20:37:43Z,Scott E,0,0
"how ""acurate"" the time generator is? [pps]",2023-02-16T19:47:38Z,FrantiÅ¡ek ZÃ¡potockÃ½,0,0
"wouldnt it be even easier to cut two sprockets of see-through plexiglass, paint needles on them and then just solve a 360 to 60 rotation? ;-)",2023-02-16T18:56:19Z,S C,1,0
Dude your thinking level ğŸ«¡ğŸ”¥,2023-02-16T17:57:21Z,AHMED AMEEN,0,1
Where is the RTC ??,2023-02-16T17:46:24Z,Abhijeetbyte,1,0
Where can i buy this ?,2023-02-16T16:18:09Z,Erik Zizer,0,0
Nice projec it will be perfect with some led lignts,2023-02-16T15:40:02Z,Î§Î±Ï„Î¶Î·Î´Î¬ÎºÎ·Ï‚ Î‘Î½Î´ÏÎ­Î±Ï‚,0,0
And just add some sort of led on or around the outer ring for the seconds.,2023-02-16T15:26:31Z,Magnus_N,0,0
How can I buy this clock?,2023-02-16T13:18:00Z,SAKSHAM SAXENA,0,0
Loved the hour hand mechanics,2023-02-16T13:04:38Z,Monu Singh,0,0
"Bad idea... Good idea - the minute hand in the clock rotate by magnt, but hour hand by small reducer. And not usual magnet, but electric magnet. When electricity ON, then it pull metal needle (pin) in minute hand, and ony in this case reducer connect hour hand with minute hand. In any enother time user can rotate booth hands as he want. Then it magicaly...",2023-02-16T12:06:11Z,Ğ¡Ğ°ÑˆĞºĞ° Ğ‘ĞµĞ»Ñ‹Ğ¹,0,0
"How do you set it up initially? Do you somehow advance the minutes until it gets to the right time? A cool addition for the next revision would be to have two hall sensors at the bottom, so you know when the hour and minute hands cross the bottom part. Then you can make it self-correcting, but adding a wifi module and pulling time from the internet.",2023-02-16T10:29:19Z,Srdjan Stokic,53,3
How difficult is it if you were to include the seconds hand into the hollow clock?,2023-02-16T07:47:33Z,Puneet,0,0
ğŸ’¯ğŸ‘,2023-02-16T07:17:06Z,Ğ ĞµĞ·ĞµÑ€Ğ²Ğ½Ñ‹Ğ¹ Ñ„Ğ¾Ğ½Ğ´. Ğ’Ğ¸ĞºÑ‚Ğ¾Ñ€ Ğ¡ÑƒÑĞ»Ğ¸Ğ½,0,0
Magnets,2023-02-16T06:49:40Z,xspager,0,1
Iâ€™d 100% buy a completed one. Unfortunately Iâ€™m too stupid to even endeavor to do it myself.,2023-02-16T03:56:43Z,stigofdunsfold,1,0
LED version and you've got a legit product.,2023-02-16T03:23:51Z,D,0,0
"Amazing idea 
A cool idea would be to try to make it out of wood, or at least cover it with wood veneer",2023-02-15T21:28:37Z,Joakim Duerlinger,0,0
took me a second to realize the gear teeth spacing of the black gear is wider than the red to account for the different speeds the minuet hand and hour hand travel at.  Super genius.,2023-02-15T19:24:23Z,Rob Sasena,0,0
"""How i Made this""
*proceeds to explain how he didn't make this*",2023-02-15T18:57:02Z,Algardraug,1,0
what instrument is that you use to weld? I'm very interested in how that works.,2023-02-15T17:32:01Z,Gabriel Valete,0,4
"Nice variation on a Jefferson Golden Hour Mystery Clock (which I have).  The Jefferson has just a motor and the minute hand is geared to the hour hand which is locked to a glass disc that rotates smoothly without steps. 
     The only thing in your very nice design I wondered about is why you glued a red minute hand to a black piece instead of just making that black piece red... but the engineering is ingenious simplicity.",2023-02-15T16:44:58Z,LR Vogt,9,1
é€™æ˜¯æˆ‘03å¹´åƒåŠ è¨­è¨ˆæ¯”è³½çš„ä½œå“ï¼Œä¸éæŒ‡é‡æˆ‘æ˜¯ç”¨ç¹©å­ç¶è‘—éµçƒ,2023-02-15T13:14:57Z,MAX HSU,0,0
Beautiful,2023-02-15T13:05:55Z,SRS CREATIVE,0,0
what about a second handdddddd,2023-02-15T11:37:02Z,hiuwo,0,0
coolest thing ive ever seen,2023-02-15T10:58:24Z,Hey Hovie,0,0
"Brother, Are you Bengali?",2023-02-15T09:18:40Z,"turjo""",0,1
excellant !!,2023-02-15T08:46:31Z,Tejas Juvekar,0,0
"cute ""time-lapse"" that is clearly cut numerous times to make the home made clock appear to be ""perfectly accurate"". when you demoed it in the clip before, the minute hand had a smooth motion yet it spontaneously became herkie jerky for the time-lapse. and if you watch closely, the standard clock hitches every time a minute passes. I'm sure if you spent more time on finessing the clock you built you could actually have a wonderfully smooth result, but due to your lack of pride in your craftsmanship you posed a shoddy result as a ""flawless"" piece.",2023-02-15T07:18:19Z,NK Stallion,0,0
Do you have the STL for the minute hand that you glued on?,2023-02-15T07:01:21Z,Chadd Thompson,0,3
Can I know what to study to be able to do all these types of work?,2023-02-15T06:00:28Z,Albax Siddiqui,0,0
Bruhhh ğŸ”¥ğŸ”¥ğŸ”¥ you can toh sale it and start ya own business ğŸ”¥ğŸ”¥ it's amazing,2023-02-15T05:54:23Z,Albax Siddiqui,0,0
"i love how the design isnt ""float at all cost"" but ""how to make it float, with style""

translucent acrylic will be ugly AF",2023-02-15T04:46:32Z,alexamder hamiltom,0,0
"This looks interesting. And I havean arduino too. 

Step 1: print the parts using a 3d printer

Well fuck.",2023-02-15T04:20:38Z,Anon the Mouce (I live in your walls),2,0
Call it Hol o'clock,2023-02-15T03:21:42Z,Ivan,0,1
OVER ENGINEER,2023-02-15T01:54:40Z,Aulilia,0,0
"I was hoping that both hands were being held in their respective places by magnets. (Using repulsion, not attraction.)",2023-02-15T00:18:44Z,TheAbc45678,0,0
"When I first saw the thumbnail I tried to take a guess at how this was made. So I thought I would use a couple of plexiglass circles with the clock hands glued on. Each circle has tooth gears on its edge, and those would be hidden by the outer wooden ring. Then the motor would be linked with them and hidden into the base. Cool to know that there was also a different way to make it!",2023-02-14T23:06:45Z,Mario Battaglia,7,0
"nice, slight improvement suggestion : to have the black circle on the other side, that way we don't see the circle moving",2023-02-14T22:06:59Z,Pigeon351,0,0
this design would look amazing as a wristwatch,2023-02-14T21:46:31Z,Orestis 99,0,0
"I wonder why is Arduino here. To get the precise time & location info via GPS, download the latest tzdata via WiFi and then adjust the clock automatically wherever in the world it is?
 To drive the hands only, a motor alone would be enough.",2023-02-14T21:42:03Z,Denis Khafizov,1,0
Can you sell it to me?,2023-02-14T21:38:48Z,Ø¹Ø¨Ø¯ Ø§Ù„Ù‚Ø§Ø¯Ø± Ø®Ø§Ù„Ø¯,0,0
"That's actually a pretty awesome idea
But now do it with the minute hand floating, too.",2023-02-14T21:25:42Z,OrangeC7,1,0
do you see them too! I want to buy,2023-02-14T19:20:36Z,PAKISTAN AIR DEFENCE,0,0
great job!,2023-02-14T18:56:31Z,Boris Krestianinov,0,0
Time to buy a 3D printer,2023-02-14T18:40:40Z,weird soul,0,0
The visible rotating circle is ruining the magic,2023-02-14T17:47:44Z,Ğ‘ÑƒĞ»Ğ°Ñ‚ ĞœĞ¸Ğ½Ğ½ÑƒĞ»Ğ»Ğ¸Ğ½,0,0
crazyyyyy,2023-02-14T17:01:20Z,Speedy Singh Music ,0,0
Whoa that clock is sick,2023-02-14T16:21:38Z,DEMKO Mashkov,0,0
"one way to make the minute hand looks ""disconnect"" (no touching the outer circle) is to attach the minute hand to an acrylic round gear (as big as the outer circle) and rotate the whole gear with the minute hand attached to it. 
With the big round gear as a clear background, it will be hard to notice the rotation",2023-02-14T13:33:50Z,ThÃ nh Vinh LÃª,2,2
Indeed ingenious engineering. ğŸ’«ğŸ•°,2023-02-14T13:02:25Z,Fardeen Ansari,0,0
channel is very good,2023-02-14T09:05:56Z,Object,1,0
Can i buy this product,2023-02-14T07:50:47Z,SACHIN M NAIK,0,0
can I buy his??,2023-02-14T07:43:38Z,Mandeep Singh,0,0
Respect,2023-02-14T07:38:28Z,Ğ’Ğ°ÑĞ¸Ğ»Ğ¸Ğ¹ Ğ‘Ğ°Ñ€Ğ¸Ñ‚Ğ¾Ğ½Ğ¾Ğ²,0,0
that's dope,2023-02-14T07:34:43Z,Daniel Tandello,0,0
Prefectly.,2023-02-14T05:44:46Z,stilllife8,0,0
"First of all, this is a very cool end result and really nice of you to share it with us. I watched it and was moved to think about how I could do similar things, and it was informative about the steps involved and had a pleasant end result.  So my concerns below are about replicating the same project in my own life:

It's pretty cool that it is possible to order a PCB board starting at $0 if someone has the time to design it themselves.  For the part where you design a gerber file for a custom PCB -  for someone who's never designed a gerber file like me, and has other responsibilities and doesn't yet know electronics, I looked up how many hours it would take to get to the level of competence to do this without any outsourcing, and it seems to be about 160-240 which is about 4-8 weeks full time.  It it possible for anyone to learn these skills if they have the time to fit it into their life.

In my case I would be inclined to use Fiverr to speed up the custom PCB creation step which is not an option right now, however I think it is important to be realistic and strategically work with other designers such as on CAD files for 3D printing and on PCB design.  The idea itself is really cool, and I am impressed by the finished product and thankful that you shared it.",2023-02-14T04:51:23Z,Robert Viragh,0,0
where can i buy this product?,2023-02-14T04:45:58Z,Sam Jackson,0,0
"Looks good, but sorry to say the hands didn't match.",2023-02-14T04:09:21Z,Sourav Mandal,0,0
Very good idea. I'll make it. Thank you.,2023-02-14T02:42:27Z,c m,0,0
"Pretty neat, wondering if this design was ever used before in other clocks",2023-02-14T02:20:02Z,User_guy,0,0
Insane,2023-02-14T01:47:21Z,Fabricio de Oliveira Silva,0,0
prefectly accurate,2023-02-14T00:37:56Z,TheSoarc,0,0
Mind blowing!,2023-02-14T00:35:24Z,Alexandre Barreto,0,0
But Gen Z can't read the clock ğŸ˜‚,2023-02-14T00:11:08Z,Nathan Hedglin,1,0
Amazing skills,2023-02-13T21:53:12Z,KANAR TECH,0,0
using magnets was such a brilliant idea! naruhodo.,2023-02-13T21:27:33Z,Ethan Freeman,0,0
"actually i thought u can do both magnets, but then they will interferer",2023-02-13T21:16:51Z,JERVI,0,0
Where's the missing hand?,2023-02-13T21:12:54Z,Nathan McKean,0,0
is everything made out of arduino these days? Electronics used to be fun.,2023-02-13T19:15:53Z,sandi rupenovic,0,0
Amazing work and awesome product ğŸ‘Œ,2023-02-13T19:04:48Z,Kevin Patel,0,0
"I feel smart for guessing how it worked from the thumbnail. Ultimately though, easy guess, a magnet is pretty Much the only possible solution for this form factor. You could make the hour hand a circular pane of acrylic with a hand glued in or painted on it and rotate that, but that ruins a lot of the magic.",2023-02-13T17:34:03Z,Luigi Mauricio,0,0
"Ğ±ĞµĞ· Ğ¼Ğ¾Ğ´ÑƒĞ»Ñ Ñ€ĞµĞ°Ğ»ÑŒĞ½Ğ¾Ğ³Ğ¾ Ğ²Ñ€ĞµĞ¼ĞµĞ½Ğ¸ Ñ ĞºĞ²Ğ°Ñ€Ñ†ĞµĞ²Ñ‹Ğ¼ Ñ€ĞµĞ·Ğ¾Ğ½Ğ°Ñ‚Ğ¾Ñ€Ğ¾Ğ¼ Ğ½Ğ¸ĞºĞ°ĞºĞ¾Ğ¹ Ñ‚Ğ¾Ñ‡Ğ½Ğ¾ÑÑ‚Ğ¸ Ñƒ Ñ‡Ğ°ÑĞ¾Ğ² Ğ½Ğµ Ğ±ÑƒĞ´ĞµÑ‚. Ñ…Ğ¾Ñ€Ğ¾ÑˆĞ¾ ĞµÑĞ»Ğ¸ Ğ·Ğ° ÑÑƒÑ‚ĞºĞ¸ Ğ¼Ğ¸Ğ½ÑƒÑ‚Ğ° Ğ±ÑƒĞ´ĞµÑ‚ Ğ¾Ñ‚ÑÑ‚Ğ°Ğ²Ğ°Ğ½Ğ¸Ñ Ğ¸Ğ»Ğ¸ Ğ¾Ğ¿ĞµÑ€ĞµĞ¶ĞµĞ½Ğ¸Ñ, Ğ° Ğ¼Ğ¾Ğ³ÑƒÑ‚ Ğ¸ Ğ²ÑĞµ 5. Ñ‡Ğ°ÑÑ‹ Ğ½ÑƒĞ¶Ğ½Ğ¾ Ğ´Ğ¾Ñ€Ğ°Ğ±Ğ¾Ñ‚Ğ°Ñ‚ÑŒ Ğ² ÑÑ‚Ğ¾Ğ¼ Ğ¿Ğ»Ğ°Ğ½Ğµ",2023-02-13T16:58:35Z,Ğ”Ğ¼Ğ¸Ñ‚Ñ€Ğ¸Ğ¹ Ğ¡Ñ‚Ğ°Ğ¼Ğ±ÑƒĞ»Ğ°,2,0
"How to order, and how much?",2023-02-13T16:29:23Z,Vin Cancan,0,0
This will be perfect for a school project. Loving it.,2023-02-13T16:12:26Z,Chu,51,0
No diagram information!,2023-02-13T15:52:53Z,Chazmills,0,0
Can you add seconds ??,2023-02-13T15:44:12Z,mertblt 7,0,0
Very nice build... would you mind sharing the rotor cover with hour markings as well?,2023-02-13T15:26:35Z,JollyChilly,3,0
"fantastic build, but I still to this day can only read a digital clock, so i can't use this lol",2023-02-13T15:12:57Z,CoolCrafts ,0,0
"I mean.... the clock is pretty cool, but the title seems to be taking a bit too much credit for this project and the comment section seems to have missed that too.",2023-02-13T14:54:58Z,Stixuo,2,0
"Meh... the min hand is still in contact with the clock.
Talk to me when both the hands are floating and not touching anything. ğŸ™„",2023-02-13T12:36:59Z,Minimalist SG,0,0
Amazing!!!!!,2023-02-13T12:32:01Z,Tuckyçœ‹Seeæˆ‘çš„ç”Ÿæ´»,0,1
"Looks dope.
Amazing work Wrench ğŸ‘ğŸ‘",2023-02-13T12:21:25Z,Jayybird,1,0
Take my money,2023-02-13T12:20:38Z,Salvatore Sal,0,0
Until you go to other countries with different time zone....,2023-02-13T12:15:38Z,Aironman Legend,0,0
"With my DIY clock, I got an extra hour for today to spend",2023-02-13T12:09:29Z,Life is a hallucination,0,0
"é‚£è—è‰²é½’è¼ªæ”¾åœ¨é‚£è£¡æ€æ²’çœ‹åˆ°
è¦–é »æ€ªæ€ªçš„ä¸å®Œæ•´",2023-02-13T11:54:18Z,é¾å¿—èŠ³,0,0
"Love from Amritsar, PunjabğŸ˜˜",2023-02-13T11:53:49Z,Sona Artist,0,0
Jabardast,2023-02-13T10:35:09Z,Kokuyo Camlin,0,0
"Mind blown!!! 

Recently I saw a similar looking ring-clock but in a more classic fassion: there was a static vertical bar comming from the top of the ring to the center, holding a regular clock mechanism. When I saw it I thought it would be awesome if the minute hand was actually connected to the ring and moving, with an adjusted mechanism for the hour hand on the ""center end"" of the minute hand - a few days later I see this in my Recommended list :D 

Thank you Algorithm Overlord for that spark of joy! ;)",2023-02-13T09:43:54Z,Krzysztof Gnutek,13,0
I like how clever but simple the magnet part is,2023-02-13T08:51:37Z,Someone,0,0
"That is going to drift out of time very fast.
You should add a RTC.",2023-02-13T08:41:35Z,ProduktR,1,2
Nice ğŸ™‚ğŸ‘,2023-02-13T08:32:58Z,NCM PHOTOGRAPHY byMuhammed Nizam,0,0
didn't he order green PCB but got white?,2023-02-13T06:57:36Z,jowarnis,0,0
It looks like it can be a bit loud ğŸ¤”,2023-02-13T06:57:00Z,IrriyaKom,0,0
How to buy this clock or can you make it for me. Please share the website of this project. Thanks,2023-02-13T05:49:42Z,Shoaib Salam,0,0
How much it costing to create this???,2023-02-13T04:56:32Z,A T Media,0,0
"As long as it's ""prefectly accurate"" I'm in.",2023-02-13T04:35:58Z,Timo Kotipelto,0,0
"Hi Dear Sir 
Could you please sell all of parts in package ?
I'd like to get exactly samey clock to buy it .
Is it possible?
FR I",2023-02-13T04:35:15Z,Fefa Fafe,0,0
"I thought he would glue some hands to acrylic discs and rotate them, but this design is much more ingenious and is actually hollow.",2023-02-13T04:26:24Z,Cloudy,0,0
"I'm wondering if there's a way to make both hands magnetic, or if the magnetic fields will just be too likely to overlap whenever the minute hand passes over the hour hand. Maybe with a buffer zone between the two... but then, of course, you'd need something else to hold up the center point, negating the premise of the ""hollow"" clock. I mean, it's still pretty impressive looking even if you use a clear background, you just can't put your hand through it... But then, if both hands used magnets, you could completely hide the mechanical workings of the clock (right now, you can still see the circles turning if you know where to look).

I'm might be having way too much fun backseat engineering this clock, heh. The current product is amazingly cool as is, it's just that to my brain, once I saw the magnet solution for the hour hand... whelp.",2023-02-13T03:46:19Z,"Karin [CAR-in, not CARE-en]",0,1
That is amazing ğŸ’ª,2023-02-13T03:46:02Z,Milan Vuk Stankovic,0,0
Its good widio,2023-02-13T03:17:04Z,Ahmed Joseph El Jawwi,0,0
"This project is great. It's one of those there where it's simple and makes sense, but it just messes with your mind.",2023-02-13T02:45:27Z,Nick Leffler,0,0
"Hello.  
Please excuse me, but I did not see (did not find) a link to the firmware for Arduino Nano.  Please tell me where I can find it. 
 And, I apologize for my English - Google translator is sometimes naughty. ğŸ¤ª",2023-02-13T02:42:50Z,Ğ¡Ğ°Ğ½Ñ‹Ñ‡,0,0
I stopped watching the video from first of all I printed the parts using my 3d Printer :),2023-02-13T01:36:06Z,Kartikeya Vashisth,1,0
Prefect!,2023-02-13T01:20:48Z,James Barclay,0,0
Not bad. I'd improve it with an ESP32 instead and use NTP to get the current time.,2023-02-13T00:03:11Z,Joe Cooper,1,2
"Looking at such videos and Intelligent people, I keep believing that time travel is possible.",2023-02-13T00:02:12Z,Vachan Sharma,0,0
This is awesome!,2023-02-12T23:30:30Z,x9x9x9x9x9,0,0
"Amazing. The way you used the magnets is so ingenious!
Absolutely fantastic!",2023-02-12T23:19:37Z,thecyberspaceman,2,3
amazing,2023-02-12T23:04:24Z,SATU JALAN CHANNEL,0,0
Looks good but definitely not perfectly accurateğŸ™ƒ,2023-02-12T23:01:01Z,Aitor TerÃ¡n,0,0
"Prefectly accurate! No seriously, looks amazing ;)",2023-02-12T22:49:07Z,E,7,0
"y'know what would be sexy? some 3d printed numbers glued on, a lil lcd showing the precise time (at the bottom instead of the microcontroller panel) and some backlight",2023-02-12T22:25:07Z,SpunchBob SqueerPants,0,0
"saw a version of that the other day, it had both hands mounted to an acrylic plate and being moved by magnets. but it was bulky af, probably so that the magnets don't interfere? this version is much more elegant!",2023-02-12T22:17:16Z,This Random Guy,0,0
"Cool, but not accurate (according to time lapse)",2023-02-12T22:09:45Z,VeeGames,0,0
sexy!! ğŸ”¥ğŸ”¥ğŸ”¥ğŸ”¥ğŸ”¥ğŸ”¥ğŸ”¥,2023-02-12T21:50:11Z,Aamir Hoda,0,0
I desinged something very similar to this like 15 years ago. I never made it because 3D printing wasn't a thing back then and getting the parts made in a workshop would have cost $$$$$. How 3D printers have changed the world for the at-home designer!,2023-02-12T21:41:40Z,Joshua Fifis,10,1
Bro do u ever sell these ? Anyone ??? I really need one,2023-02-12T21:37:13Z,Arafat Mujawar,0,0
Fake,2023-02-12T21:28:41Z,Don Meggi,0,0
"Ñ‚Ğ°ĞºĞ¸Ğµ Ğ²ĞµÑ‰Ğ¸ Ğ½Ğ°Ğ´Ğ¾ Ğ´ĞµĞ»Ğ°Ñ‚ÑŒ Ğ½Ğ° Ñ‡Ğ°ÑĞ°Ñ… Ñ€ĞµĞ°Ğ»ÑŒĞ½Ğ¾Ğ³Ğ¾ Ğ²Ñ€ĞµĞ¼ĞµĞ½Ğ¸! Ğ¸ Ğ´Ğ¾Ğ»Ğ¶ĞµĞ½ Ğ±Ñ‹Ñ‚ÑŒ Ğ´Ğ°Ñ‚Ñ‡Ğ¸Ğº Ñ…Ğ¾Ğ»Ğ»Ğ° Ğ¸Ğ»Ğ¸ Ğ¾Ğ¿Ñ‚Ğ¸Ñ‡ĞµÑĞºĞ¸Ğ¹ Ğ´Ğ°Ñ‚Ñ‡Ğ¸Ğº , ĞºĞ¾Ñ‚Ğ¾Ñ€Ñ‹Ğ¹ Ğ±ÑƒĞ´ĞµÑ‚ ĞºĞ¾Ğ¼Ğ¿ĞµĞ½ÑĞ¸Ñ€Ğ¾Ğ²Ğ°Ñ‚ÑŒ Ğ½ĞµÑ‚Ğ¾Ñ‡Ğ½Ğ¾ÑÑŒ Ğ¼ĞµÑ…Ğ°Ğ½Ğ¸ĞºĞ¸ Ñ€Ğ°Ğ· Ğ² Ñ‡Ğ°Ñ Ğ¸Ğ»Ğ¸ Ñ€Ğ°Ğ· Ğ² 12 Ñ‡Ğ°ÑĞ¾Ğ².",2023-02-12T20:50:29Z,Tim Steel,0,0
"very nice idea, but i thnk that the time it s not accurate,",2023-02-12T20:22:24Z,uscerzen necs,1,0
Does the Arduino handle daylight savings time?,2023-02-12T19:48:34Z,Bob Wakefield,0,0
"Would it be possible to build this, but have the hands mounted to a piece of acrylic in the middle, with no signs of support, and BOTH hands controlled by magnets? Or would the magnets interfere with both hands operating independently?",2023-02-12T19:14:55Z,Pickles The Ott,2,2
you need to manufacture this and sell so i can buy..,2023-02-12T18:54:04Z,Berry Jam,0,0
Ğ’ÑÑ‚Ğ°Ğ²ĞºĞ° Ñ€ĞµĞºĞ»Ğ°Ğ¼Ñ‹ Ğ² Ñ€Ğ¾Ğ»Ğ¸ĞºĞ¸ Ğ¸ Ğ²Ğ¿Ğ°Ñ€Ğ¸Ğ²Ğ°Ğ½Ğ¸Ğµ Ğ²ÑÑĞºĞ¾Ğ¹ Ñ…Ñ€ĞµĞ½Ğ¸ - ÑÑ‚Ğ¾ Ğ½ĞµÑƒĞ²Ğ°Ğ¶ĞµĞ½Ğ¸Ğµ ÑĞ²Ğ¾Ğ¸Ñ… Ğ¿Ğ¾Ğ´Ğ¿Ğ¸ÑÑ‡Ğ¸ĞºĞ¾Ğ² Ğ¸ Ğ³Ğ¾ÑÑ‚ĞµĞ¹ ĞºĞ°Ğ½Ğ°Ğ»Ğ°.Ğ¥Ğ²Ğ°Ñ‚Ğ¸Ñ‚ Ğ²Ğ¾Ñ€Ğ¾Ğ²Ğ°Ñ‚ÑŒ Ğ½Ğ°ÑˆĞµ Ğ²Ñ€ĞµĞ¼Ñ! Ğ”Ğ¸Ğ·Ğ»Ğ°Ğ¹Ğº!!!,2023-02-12T18:47:32Z,M M,0,0
Really clean build (and desk!),2023-02-12T18:41:23Z,Anant,1,0
"I was thinking magnets when I saw the thumbnail, it's neat to see I was right.",2023-02-12T18:34:05Z,GCGamer 4,0,0
the original design is very clever,2023-02-12T18:01:59Z,aldo b,0,0
Love the clock. But the electronic aspect seems unnecessary. Could be done with a simple DC motor and a resistor instead of a stepper and arduino. Although it's an excellent exercise with coding! Great work,2023-02-12T17:57:37Z,Martin Hall,0,0
"So he found a design online and decided to make a sponsored video about him making it, with affiliate links in the description. While not illegal, this method of making money isn't very ""clean"" in my opinion",2023-02-12T17:41:12Z,×—× × ××œ ×¨×•×¢×™ ××¨×‘×œ,2,0
Very creative and excellent work,2023-02-12T17:34:33Z,Ben Sherm,1,0
printed circuit board boards,2023-02-12T17:23:51Z,Charlotte,0,0
Wonderful ğŸ‘,2023-02-12T17:12:40Z,Suman Roy,1,0
Cool project .... sweet use of the magnets,2023-02-12T17:04:51Z,John Jacob JinglehimerSchmidt,0,0
I would buy it,2023-02-12T16:59:31Z,Batman,0,0
"I just searched the video to know the mechanism behind the slow moving hand ,
Then the use of magnets just blowen my Mind.Hats off to ur engineering n idea",2023-02-12T16:50:44Z,Jagadish Kumar,0,0
"Just looking at the thumbnail, my guess is two motors, one in the center to move the hour hand counter to the minute hand, which moves with a ring around the full edge. That sounds nuts and I canâ€™t wait to see how itâ€™s actually done

Edit: oh my god thatâ€™s genius",2023-02-12T16:45:11Z,Zachary Gerbi,15,0
Great engineering bro ğŸ˜,2023-02-12T16:44:48Z,Amit Kumar,0,0
"Me: wow this looks cool lets see how to make it
The Wrench: step 1. Lets use the 3d printer
Me: ok, bye have a great time",2023-02-12T16:39:39Z,Prem Prabhakar,1,1
"Cool. But sorry, why did you used a stepper, it would be cheaper using a dc Motor with speed tuned to match clock rotation. Much cheaper and easier",2023-02-12T16:24:59Z,OfFrenk,0,0
"If the black connector of the minute hand is replaced by transparent connector , it would have given little more better",2023-02-12T16:03:39Z,Nikhil Jacob,0,0
Thank you rajaj! That was very entertaining,2023-02-12T16:00:51Z,Voidex,0,1
Which shouldering iron do you  use,2023-02-12T15:55:41Z,no31 D,0,0
Insanely creative man!!!!,2023-02-12T15:53:33Z,Ravi Tomar,0,0
Cool design,2023-02-12T15:37:58Z,TechnoLeon,0,0
God job! Greate video!,2023-02-12T14:53:04Z,Oleh Seletkov,0,0
Wow. You printet and assembled someone elses prosject.,2023-02-12T14:50:10Z,Kristiansen Vision,1,0
Plz make some more lattepanda mini portable slimmer laptop and do a showcase with playing Minecraft java or genshin impact or asphalt 9 plzz I miss them,2023-02-12T14:31:23Z,Patrick Reinaldo,0,0
I want buy this product ... How much????,2023-02-12T14:27:56Z,Amar Tanwar,0,0
"if i had a 3d printer, i'd try this.",2023-02-12T13:43:56Z,DEATHSTROKE,0,0
Is the clock now working. I know one of them the people had issues with,2023-02-12T13:43:20Z,Frikkie Smit,0,0
Where can I buy this?,2023-02-12T13:39:42Z,Tushar Goyal,0,0
"Ğ½Ñƒ Ñ‚Ğ°ĞºĞ¾Ğµ ÑĞµĞ±Ğµ, Ğ»ÑƒÑ‡ÑˆĞµ Ğ±Ñ‹ ÑĞ´ĞµĞ»Ğ°Ñ‚ÑŒ Ñ‡Ñ‚Ğ¾Ğ± ÑÑ‚ĞµĞºĞ»Ğ¾ Ğ²Ñ€Ğ°Ñ‰Ğ°Ğ»Ğ¾ÑÑŒ Ğ²Ğ¼ĞµÑÑ‚Ğµ Ñ Ñ‡Ğ°ÑĞ¾Ğ²Ğ¾Ğ¹ ÑÑ‚Ñ€ĞµĞ»ĞºĞ¾Ğ¹, Ğ° Ğ¼Ğ¸Ğ½ÑƒÑ‚Ğ½Ğ°Ñ Ğ´Ğ²Ğ¸Ğ³Ğ°Ğ»Ğ°ÑÑŒ Ğ¼Ğ°Ğ³Ğ½Ğ¸Ñ‚Ğ¾Ğ¼ - Ñ‚Ğ¾Ğ³Ğ´Ğ° Ğ±ÑƒĞ´ĞµÑ‚ ÑĞ»Ğ¾Ğ¶Ğ½Ğ¾ Ğ²Ğ¸Ğ·ÑƒĞ°Ğ»ÑŒĞ½Ğ¾ Ğ¿Ğ¾Ğ½ÑÑ‚ÑŒ Ğ·Ğ° ÑÑ‡Ñ‘Ñ‚ Ñ‡ĞµĞ³Ğ¾ Ğ´Ğ²Ğ¸Ğ¶ÑƒÑ‚ÑÑ ÑÑ‚Ñ€ĞµĞ»ĞºĞ¸ Ğ¸ ÑÑ‚Ğ¾ ÑĞ¾Ğ·Ğ´Ğ°ÑÑ‚ Ğ´Ğ¾Ğ»Ğ¶Ğ½Ñ‹Ğ¹ ÑÑ„Ñ„ĞµĞºÑ‚.",2023-02-12T13:28:01Z,Draude Nihelem,0,0
This channel has really grown since the last time I've seen it. I still remember the mini pc video lol.,2023-02-12T13:19:06Z,Há»“ng PhÃºc VÅ©,1,0
coolï¼,2023-02-12T11:46:04Z,hurry hu,0,0
Great idea!,2023-02-12T11:45:30Z,MechmanGetrieb,0,0
Amazing ideas,2023-02-12T11:38:54Z,Bunga itu indah Sekali,0,0
Great video and a super cool clock. I've got a Jefferson golden hour mystery clock that's almost 70 years old. It's still working fine and keeps good time with its 50Hz replacement motor. The principle is the same but the Jefferson has style as well as function.,2023-02-12T10:11:01Z,nevmeister,3,2
Can u give me link for that soldering iron please ...,2023-02-12T09:59:52Z,Ankush Goyal,1,1
When I was a baby boy I couldn't read the clock hands and my school teachers were like what in the world and I was also wondering why the hell the clocks on the hands just show numbers  but when the first smart phones came out I knew I was from the future that was 32 years later.,2023-02-12T09:20:46Z,BHARGAV GAJJAR,0,0
Magnifique bravo Ã  toi,2023-02-12T09:13:37Z,Vincent Bellamy,0,0
"What I love most about it is the simplicity of the magnet. When seeing the thumbnail, i was already over engineering it in my head thinking about how the rotation of the minute hand would  be geared up in the center so that it moved the hour oneâ€¦",2023-02-12T08:53:50Z,Matthias Y. Reich,1387,29
legends are watching without 3d printer,2023-02-12T08:36:06Z,IT_0072_PRANJAL_BAJPAI,0,0
You can sell it commercially,2023-02-12T08:29:06Z,Hyder Notes,0,0
"Nice project.
But it's 1 second off.",2023-02-12T07:56:16Z,NUHASH RAHMAN,0,0
sell your product on amazon,2023-02-12T07:27:14Z,dev,0,0
0:26 with just the first step i left the project,2023-02-12T06:24:11Z,ChIrUsHa,1,0
Awesome,2023-02-12T04:38:55Z,Peter 360 adventures,0,0
Very genius design..i liked it ğŸ”¥,2023-02-12T04:06:04Z,Hilmy Haidar,1,0
ğŸ‘,2023-02-12T03:37:55Z,Shoaib Khan,0,0
"Lookup cartier magic clock, its even better",2023-02-12T03:18:49Z,jacob,0,0
ğŸ‘ ğŸ‘ ğŸ‘,2023-02-12T02:57:31Z,BWWKH,0,0
"Absolutely ingenious.  And a fantastic build, too!",2023-02-12T02:12:14Z,Ng Smith,139,0
"Nice idea.
When designing a PCB that I know I won't be using connectors, I prefer providing a hole to have the wires pass through or a double hole to use a pvc wire strap.",2023-02-12T02:03:35Z,santo Pino,8,1
You know what would sell the illusion even more? Printing that black gear with clear plastic.,2023-02-12T02:03:22Z,AetheralMeowstic,0,0
"I remember when I realized something like this was possible! Glad someone who could make it did too!
Edit: my idea used some form of mechanical linkage through the minute hand to drive the hour hand though",2023-02-12T01:34:26Z,Zot Fleischer,21,0
I love this one . For real,2023-02-12T01:15:24Z,Blue,0,0
"That is awesome, wow. Could you have two rings with magnets, one for each pointer?",2023-02-12T00:51:57Z,Lima 713,0,2
what study did you do to have this expertise,2023-02-12T00:43:07Z,NoÃ© Bellet,0,0
pERfectly.,2023-02-11T22:38:54Z,An Ordinary Man,0,0
"If the connection from the outer ring to the minute hand was transparent, it would really look like magic",2023-02-11T21:42:25Z,Frank Roquemore,5,3
"Sick design, good works",2023-02-11T21:12:02Z,CSaratakij,0,0
Love the idea of magnets - possibly next idea is glue the centre onto the back .... ?,2023-02-11T20:32:10Z,Ivan G-S,0,0
Amazing  work man  ..I have downloaded the files but I can't find the Arduino code !?,2023-02-11T19:06:48Z,Ahmed Elgazzar,0,0
Hey @TheWrench...should I use SLA or FDM technology ?!,2023-02-11T18:53:51Z,Arghya Gain,0,0
I have a Vintage 1950s Jefferson Art Deco Golden Hour Mystery Clock. It works differently but gives the same illusion.,2023-02-11T18:33:28Z,rockubtzer,0,0
"Rechargeable Battery version... Coming soon?
Looks very wonderful to be true.",2023-02-11T18:23:53Z,Nexcell Pride,0,1
Make a video On diy infinity stones,2023-02-11T18:21:38Z,CGS GAMING,0,0
Invention,2023-02-11T17:40:42Z,Doudo,0,0
ĞŸĞ¾ÑÑ‚Ğ°Ğ²ÑŒ Ğ¿Ğ¾Ğ´ÑĞ²ĞµÑ‚ĞºÑƒ Ğ½ĞµĞ¾Ğ½Ğ¾Ğ²ÑƒÑ Ğ¿Ğ¾ ĞºÑ€ÑƒĞ³Ñƒ Ğ±ÑƒĞ´ĞµÑ‚ ĞºÑ€ÑƒÑ‚Ğ¾!,2023-02-11T17:07:02Z,Ğ¡ Ğ–,0,0
This is just wow! Amazing!,2023-02-11T17:00:42Z,Gabriel,0,0
Combine this with a Dyson bladeless fan and you're golden,2023-02-11T16:55:51Z,joedirtpig,0,0
Very brilliant idea,2023-02-11T16:27:20Z,loving krithik,0,1
"v cool, the effect is really striking, and i feel dumb for expecting some elaborate linkage or servo system and not just magnets",2023-02-11T16:24:50Z,ZCJKF13GDG4,0,0
I wanna buy it. ğŸ˜,2023-02-11T16:07:12Z,Nayan Jyoti Haloi,0,0
"MÉ™ÅŸÉ™Allah.
MÃ¼kÉ™mmÉ™l iÅŸ.",2023-02-11T15:13:03Z,Tural Memmedov,0,0
That could make money.,2023-02-11T14:56:16Z,Awaitingthetrumpetcall,0,0
Can you send the pcb link too,2023-02-11T13:57:17Z,Rounakart,0,0
awesome,2023-02-11T13:33:17Z,Himanshu,1,0
Good!,2023-02-11T13:21:14Z,Vadim Chernov,0,0
"Thatâ€™s beautiful.
How did you make the hands take steps in the end?",2023-02-11T12:13:43Z,MIGHTYcbu,0,0
you could probably go magnet-less if you hide gears for turning red inside the black clock hand,2023-02-11T11:46:26Z,[CYXXYC],0,2
Very good well done my friendğŸ™‚ğŸ¤ğŸ¤ğŸ¤,2023-02-11T10:21:44Z,ErCan Everything,0,0
"IncrÃ­vel, vocÃª acabou de ganhar mais um inscrito no canal",2023-02-11T09:57:05Z,LUIS HENRIQUE,10,0
Super like boss,2023-02-11T09:40:49Z,Style Hackers,0,0
Ok that's nice ...,2023-02-11T08:05:18Z,TORMY VAN COOL,0,0
"Things you need
1. 3D printer",2023-02-11T06:23:28Z,Bibhu,1,0
Why don't you sell these products like on Amazon,2023-02-11T06:06:28Z,sajal verma,0,0
"Next project, the hollow bathroom",2023-02-11T04:36:09Z,muhammad sukroni,0,0
invest,2023-02-11T04:18:55Z,Mob Guy,0,0
next time make tensa zangetsu clock...ğŸ’€ğŸ’€,2023-02-11T04:04:34Z,jack01,0,0
Hi,2023-02-11T02:55:12Z,ASHRAF KADABAGERE,0,0
Very nice. Can you please tell me the name of the soldering iron?,2023-02-11T02:53:44Z,Wedo ourbest,3,0
Great project,2023-02-11T02:03:04Z,LeNoir,0,0
I have to print this!!!!!! Amazing,2023-02-10T22:09:19Z,ENOvation,0,0
"That is quite clever, but if I ever get around to making one, I think I'll limit it to two moving parts, or parhaps three, including a second hand. I'm not quite sure how easy that would be.",2023-02-10T22:01:08Z,Felix Nielsen,13,1
cool but it does not tell the time lol,2023-02-10T21:37:03Z,Josip Äakovac,0,0
Good clock,2023-02-10T20:25:48Z,Darshil Yadav,0,0
I guess your clock is too noisy,2023-02-10T19:44:34Z,Ğ Ğ¸ĞºĞ¸ Ñ Ğ”Ğ°Ğ³Ğ¾Ğ½Ğ¾Ğ¼,1,0
"Concept cool, but not really telling time more of a sculpture I wouldn't call it a clock without a more advanced design.",2023-02-10T19:07:32Z,Kyle Lewandowski,1,0
Please sel me,2023-02-10T18:20:14Z,Shamsad Alam,1,0
Wow ğŸ¤¯,2023-02-10T17:17:29Z,BleJensey Gaming,1,0
you should sell this clock online Trust me You become milliner.,2023-02-10T15:51:06Z,The Monster Show,4,1
how you know the minutes?,2023-02-10T15:20:41Z,Milons Restaurant,1,0
Such a lovely and my favourite ğŸ˜ channel in my school days onwards,2023-02-10T14:01:24Z,Manoj G,0,0
Awesome ğŸ˜ğŸ‘,2023-02-10T12:57:36Z,Chandan Kishore Chutia,1,0
Give me this ğŸ™‚,2023-02-10T12:55:37Z,Shangyeaa Gaming ğŸ…¥,1,0
Cooolll !!!,2023-02-10T12:31:22Z,ĞŸÑ€Ğ¾ÑÑ‚Ğ¾ Ğ’Ğ°Ğ´Ğ¸Ğ¼,2,0
bro needs to patent the idea,2023-02-10T12:17:15Z,Nobel,2,0
Thats so amazing!!,2023-02-10T11:53:21Z,Hanif Ahmad Fauzi,1,0
My gf now wants a Hollow Cock. I mean clock,2023-02-10T09:50:34Z,Subhradeep Sharma,0,0
nice,2023-02-10T08:58:31Z,Norrapat Nim,1,0
"Hey! Wrench I love watching your videos, and I am also kept creating such DIY stuff inspired by you the thing is nowadays I am planning to mod and convert my old boring pc cabinet to a very interesting and my most favourite theme that is IRONMAN theme pc cabinet and I actually have planned everything very nicely, the place where I stuck is that I want a miniature of an ARC-REACTOR at the front side of my cabinet which should look similar to the one in the movies and also glows like the same bluish color whenever I want. Some miniatures are actually available at online sites but they are not like same or either so costly, so its my request that please can you help me with some of your views and ideas with this and creating an ARC-REACTOR which is non-3d printed, cheap cost ,looks and glows same, easily usable, less problematic. Thank you. LOVE YOU 3000ğŸ’™ğŸ’›â¤.",2023-02-10T08:51:24Z,AADI 2oo4,37,0
ĞšĞ¸Ñ‚Ğ°Ğ¹Ñ†Ğ°Ğ¼ Ğ¿Ğ¾ĞºĞ°Ğ¶Ğ¸Ñ‚Ğµ. Ğ§ĞµÑ€ĞµĞ· Ğ´ĞµĞ½ÑŒ Ğ½Ğ° Ğ°Ğ»Ğ¸ Ğ¿Ğ¾ÑĞ²ÑÑ‚ÑÑ.,2023-02-10T07:52:31Z,ĞœĞ¸Ñ…Ğ°Ğ¸Ğ» Ğ¨Ğ¸Ğ»Ğ¸Ğ½,1,0
how long can that little magnet last? more than 5 years?,2023-02-10T06:17:48Z,LuthfÄ± Ry,2,1
WHY NO RTC,2023-02-10T03:18:58Z,BEST.vs.WORST,2,0
Really cool.,2023-02-10T00:16:36Z,JoÃ£o Xavier,2,0
So coolğŸ¤©,2023-02-09T23:41:59Z,Muhammad Raihan Alfikri,1,0
"Magnets, that's a simple, yet elegant solution and way less complex than what I had in mind, which is running a thin rod through the center of the large arm and stick a diagonal gear to it which would spin the small arms diagonal gear",2023-02-09T23:31:40Z,TheMidnightBanshee 59,240,7
your are genius ğŸ˜®ğŸ˜®,2023-02-09T22:59:49Z,roksana khan,1,0
I wish i had 3d printer,2023-02-09T22:48:44Z,Rageeb Pathan,1,0
Cool,2023-02-09T22:48:13Z,Rageeb Pathan,1,0
"This is a reproduction of Jefferson golden hour clock , very popular  in US 1950 period. 
We can still get from US vintage market.",2023-02-09T22:37:43Z,çŸ³å±±,6,1
Really nice. Many congratulations. ğŸ‘,2023-02-09T21:55:20Z,unknowww2,1,0
Nice,2023-02-09T20:48:26Z,Hamdi Fouzai,1,0
"Short crisp intelligent ,both video and invention",2023-02-09T17:18:30Z,HARIKRISHNAN A A,1,0
Wow,2023-02-09T03:50:35Z,Creative Kashmiri,1,0
Amazing,2023-02-09T03:21:53Z,ğ—¸ğ—»ğ—¼ğ˜…,1,0
So cool,2023-02-08T22:57:16Z,mahdi shakiba,1,0
Bro how much it cost it to make you these,2023-02-08T20:39:18Z,Vaibhav vishwakarma,1,0
VERY NICE PROJECT:) FROM YOO PROJECTS,2023-02-08T18:03:02Z,Yoo Projects,1,0
bro you are unique love you broâ¤,2023-02-08T17:57:19Z,bozo kumar,0,0
Bro please make an Air conditioner,2023-02-08T14:14:44Z,Dhanush S Gireesh,1,0
Amazing clock,2023-02-08T12:32:16Z,Jay Kumar Turate,1,0
"Good concept but, it might be bether  if you add a RTC and some encoders and maybe some buttons to set the time, without the need to reprogram the arduino",2023-02-08T12:28:31Z,Igor T,0,1
ğŸ‘,2023-02-08T11:22:51Z,Harish Tiwari,1,0
Nice video Big Brother Love From India ğŸ‡®ğŸ‡³,2023-02-08T10:49:02Z,Unomax Gamer,3,0
how to set time,2023-02-08T09:49:14Z,mahdi hasan,1,1
"great, but it doesn't really tell the real time, you should add RTC real time clock module or using nodemcu for getting the time from the internet.
but still nice to watch",2023-02-08T09:16:54Z,a6dulsalam,5,2
Amazing work bro!!!,2023-02-08T04:40:50Z,Avlr,1,0
Wow very cool,2023-02-08T01:31:18Z,Lostplayer16,2,0
Amazing idea,2023-02-07T21:20:14Z,Mohamed El-Mogy,0,0
How to tell minutes.... It's only showing hours,2023-02-07T14:36:00Z,sree ram,1,3
Plsss give me this product,2023-02-07T02:34:35Z,Joopa 007,1,0
Menu v bnaado sir,2023-02-07T02:34:21Z,Joopa 007,1,1
Nice,2023-02-06T22:39:45Z,Yedukondalu Midde,1,1
This Hollow Clock Idea is Amazing and I Definitely tried this Hollow Clock From My HomeğŸ˜‰,2023-02-06T05:55:24Z,AK GUPTA,10,2
Bhai kuch esa bna jo sab bana apye simple phaltu ka chochala nahi bana 3d printer,2023-02-06T05:53:28Z,Aditya !!!,1,0
Wow Amazing.ğŸ‘ŠğŸ’—,2023-02-06T05:35:57Z,TronicMade,1,1
"Do you know why YouTube didn't support diy videos ? I think it is only with me.... I have a channel named @sarvagnaraval
... I uploaded more than 100 videos.... Also my video quality is good...and ideas also... But i didn't know why YouTube didn't support it ğŸ˜© ghor kalyug hai bro ğŸ˜†",2023-02-05T16:13:17Z,Dhruv Raval,0,0
looks awesome,2023-02-04T19:16:49Z,ezz eldin,1,0
Can you make a small ATM with bill and coin recognition!? (for personal use),2023-02-04T09:09:56Z,Anna Cipriano,0,0
Nice project,2023-02-04T05:16:29Z,Elektronik AtÃ¶lyem,2,1
I'm,2023-02-03T14:20:55Z,Sujit Chaudhari,1,0
It was looking great and porfunce to,2023-02-03T13:32:15Z,Free time Gaming,2,0
You can use rgb in this clock behind or inside,2023-02-03T06:09:20Z,MD Menhaj uddin,0,0
Please give this master piece ğŸ’•,2023-02-02T17:58:07Z,Ayaan Ali,1,0
Love it keep  up da good work,2023-02-02T16:31:28Z,Tech-O-V,2,1
Clock asks bro what is time,2023-02-02T15:09:07Z,Meher Vivek,2,0
Wasn't the driver needed?,2023-02-02T13:23:11Z,Julio Oliveira,1,2
"Brilliant work, dude! Really well done!!! ğŸ˜ƒ
Stay safe there with your family! ğŸ––ğŸ˜Š",2023-02-02T12:22:26Z,MC's Creations,33,4
"Thanks, ğŸ‘!",2023-02-02T12:16:09Z,ftpashkov,1,0
Cool,2023-02-02T10:15:46Z,NO NAME !,1,1
Amazing!,2023-02-02T10:08:10Z,Techs Science,1,0
"VERY GOOD

(  !!! PLEASE DO NOT ADD BACKGROUND MUSÄ°C )",2023-02-02T09:32:38Z,ERDEM OLUDENÄ°Z,1,1
More tiny pc builds pls,2023-02-02T09:09:43Z,Rohan Bardia,77,3
Price SIR,2023-02-02T09:08:13Z,SANJOY TUDU,1,0
This is great for putting all the electronic at the bottom part. I thought there might be some wires in the upper ring.ğŸ‘ğŸ»,2023-02-02T07:53:01Z,Luca Lau,19,0
Hey Wrench I am from Pakistan and i wanted to know how is it like in India and do a Pc build or Pc review.,2023-02-02T07:50:48Z,Amir Rehman,4,0
wheres the 3d printer ilnk?,2023-02-02T07:43:16Z,J_Net Reloaded,1,1
Niceâ¤,2023-02-02T07:42:57Z,kp tech tv,3,1
Besttt,2023-02-02T07:42:02Z,Shuvo's Projects STS,1,1
ã¨ã¦ã‚‚å„ªã‚ŒãŸãƒ‡ã‚¶ã‚¤ãƒ³ã¨æ©Ÿèƒ½ğŸ‘ğŸ»ğŸ‘ğŸ»ğŸ‘ğŸ»ğŸ‘ğŸ»ğŸ‘ğŸ»,2023-02-02T07:38:34Z,ãƒã‚°ã‚«ãƒƒãƒ—,1,1
That's very nice bhai,2023-02-02T07:35:25Z,ANISH SHAH 07,2,1
Seesh this is fire bro you need more subs work herd you have the things needed to grow too,2023-02-02T07:34:32Z,Halal Chad 786,2,0
That's so cool,2023-02-02T07:32:11Z,Hardikk,1,1
Amazing ğŸ‘ğŸ‘,2023-02-02T07:32:05Z,Alok Raj,2,1
Hi bro â¤ï¸,2023-02-02T07:31:36Z,Rajeev,2,2
First,2023-02-02T07:31:35Z,Utku0348,1,0
First,2023-02-02T07:31:35Z,Draw my Ideas,0,0
One,2023-02-02T07:31:17Z,Utku0348,1,0
