title,content,date,variant,images,verified,author,rating,product,url,sentiment
It was a smaller size tight,Tight,2021-07-18,Colour: BlackWhite Size: XL,,Yes,Shruti,3.0,"LookMark Men's Poly Cotton Striped Half Sleeve Shirt(Printed Shirt Zebra,Medium) Blackwhite",https://www.amazon.in/product-reviews/B094J8178K/ref=va_live_carousel?pf_rd_r=KJ5MSC5422BGDYW1M8Z4&pf_rd_p=36443c07-831c-4bcd-8c9a-ccdff23bf7aa&pf_rd_m=A21TJRUUN4KGV&pf_rd_t=Gateway&pf_rd_i=desktop&pf_rd_s=desktop-6&pd_rd_i=B094J8178K&th=1&psc=1&pageNumber=2,0
Not good,Waist,2022-11-13,Colour: BlackWhite Size: XL,,Yes,lalit peswani,1.0,"LookMark Men's Poly Cotton Striped Half Sleeve Shirt(Printed Shirt Zebra,Medium) Blackwhite",https://www.amazon.in/product-reviews/B094J8178K/ref=va_live_carousel?pf_rd_r=KJ5MSC5422BGDYW1M8Z4&pf_rd_p=36443c07-831c-4bcd-8c9a-ccdff23bf7aa&pf_rd_m=A21TJRUUN4KGV&pf_rd_t=Gateway&pf_rd_i=desktop&pf_rd_s=desktop-6&pd_rd_i=B094J8178K&th=1&psc=1&pageNumber=2,0
Wonderful,The media could not be loaded. Get your style,2021-11-19,Colour: BlackWhite Size: L,"https://m.media-amazon.com/images/I/61Z1-P6DZ9L.webp
https://m.media-amazon.com/images/I/91ByWT6W5nL.webp
https://m.media-amazon.com/images/I/A1cBgmwCqhL.webp",Yes,nitesh soni,4.0,"LookMark Men's Poly Cotton Striped Half Sleeve Shirt(Printed Shirt Zebra,Medium) Blackwhite",https://www.amazon.in/product-reviews/B094J8178K/ref=va_live_carousel?pf_rd_r=KJ5MSC5422BGDYW1M8Z4&pf_rd_p=36443c07-831c-4bcd-8c9a-ccdff23bf7aa&pf_rd_m=A21TJRUUN4KGV&pf_rd_t=Gateway&pf_rd_i=desktop&pf_rd_s=desktop-6&pd_rd_i=B094J8178K&th=1&psc=1&pageNumber=2,0
Pls check before dispatcing,Everything is gud but this scars made me upset,2021-10-16,Colour: BlackWhite Size: XL,https://m.media-amazon.com/images/I/71GXVsuGxtL._SY88.jpg,Yes,Akhil,2.0,"LookMark Men's Poly Cotton Striped Half Sleeve Shirt(Printed Shirt Zebra,Medium) Blackwhite",https://www.amazon.in/product-reviews/B094J8178K/ref=va_live_carousel?pf_rd_r=KJ5MSC5422BGDYW1M8Z4&pf_rd_p=36443c07-831c-4bcd-8c9a-ccdff23bf7aa&pf_rd_m=A21TJRUUN4KGV&pf_rd_t=Gateway&pf_rd_i=desktop&pf_rd_s=desktop-6&pd_rd_i=B094J8178K&th=1&psc=1&pageNumber=2,0
Very poor service for return,Size is too small,2021-07-12,Colour: BlackWhite Size: L,,Yes,Ankur,2.0,"LookMark Men's Poly Cotton Striped Half Sleeve Shirt(Printed Shirt Zebra,Medium) Blackwhite",https://www.amazon.in/product-reviews/B094J8178K/ref=va_live_carousel?pf_rd_r=KJ5MSC5422BGDYW1M8Z4&pf_rd_p=36443c07-831c-4bcd-8c9a-ccdff23bf7aa&pf_rd_m=A21TJRUUN4KGV&pf_rd_t=Gateway&pf_rd_i=desktop&pf_rd_s=desktop-6&pd_rd_i=B094J8178K&th=1&psc=1&pageNumber=2,0
Nice fabric,"First time i ordered for shirt, and delivered on time, fabric is soft as i need...i suggest go for it",2021-06-29,Colour: BlackWhite Size: L,https://images-na.ssl-images-amazon.com/images/I/61ep35qtR1L._SY88.jpg,Yes,Srinivas,5.0,"LookMark Men's Poly Cotton Striped Half Sleeve Shirt(Printed Shirt Zebra,Medium) Blackwhite",https://www.amazon.in/product-reviews/B094J8178K/ref=va_live_carousel?pf_rd_r=KJ5MSC5422BGDYW1M8Z4&pf_rd_p=36443c07-831c-4bcd-8c9a-ccdff23bf7aa&pf_rd_m=A21TJRUUN4KGV&pf_rd_t=Gateway&pf_rd_i=desktop&pf_rd_s=desktop-6&pd_rd_i=B094J8178K&th=1&psc=1&pageNumber=4,0
Shirt,Bhai kya ganda shirt bheje ye log..,2021-10-16,Colour: BlackWhite Size: M,,Yes,Rushikesh,1.0,"LookMark Men's Poly Cotton Striped Half Sleeve Shirt(Printed Shirt Zebra,Medium) Blackwhite",https://www.amazon.in/product-reviews/B094J8178K/ref=va_live_carousel?pf_rd_r=KJ5MSC5422BGDYW1M8Z4&pf_rd_p=36443c07-831c-4bcd-8c9a-ccdff23bf7aa&pf_rd_m=A21TJRUUN4KGV&pf_rd_t=Gateway&pf_rd_i=desktop&pf_rd_s=desktop-6&pd_rd_i=B094J8178K&th=1&psc=1&pageNumber=5,0
Fast charger,Fast charging speed adapter.,2023-02-14,,,Yes,PRAVEENA,5.0,Original 25W Charger Super Fast Charging Charger Adapter Smartphone Charger Compatible for Samsung Galaxy S21/S21+/S21 Ultra/S20/S20+/S20 Ultra/ M51/M42/F23 5G/M53 5G/M52 5G/M33 (Only Adapter)-White,https://www.amazon.in/Original-Charger-Charging-Smartphone-Compatible/product-reviews/B0BLNFYF8H/?_encoding=UTF8&pd_rd_w=HgA4p&content-id=amzn1.sym.730090a5-d1cb-4d65-a97c-9881819a53f1&pf_rd_p=730090a5-d1cb-4d65-a97c-9881819a53f1&pf_rd_r=8NF2H16EMS6544MKW0VN&pd_rd_wg=rgu9C&pd_rd_r=f49bb855-154d-4e5a-96e2-2762df75eea4&ref_=pd_gw_ci_mcx_mr_hp_atf_m&pageNumber=0,0
It reduces our time to charge,Samsung M33 phone charging,2023-02-11,,,Yes,Amazon Customer,5.0,Original 25W Charger Super Fast Charging Charger Adapter Smartphone Charger Compatible for Samsung Galaxy S21/S21+/S21 Ultra/S20/S20+/S20 Ultra/ M51/M42/F23 5G/M53 5G/M52 5G/M33 (Only Adapter)-White,https://www.amazon.in/Original-Charger-Charging-Smartphone-Compatible/product-reviews/B0BLNFYF8H/?_encoding=UTF8&pd_rd_w=HgA4p&content-id=amzn1.sym.730090a5-d1cb-4d65-a97c-9881819a53f1&pf_rd_p=730090a5-d1cb-4d65-a97c-9881819a53f1&pf_rd_r=8NF2H16EMS6544MKW0VN&pd_rd_wg=rgu9C&pd_rd_r=f49bb855-154d-4e5a-96e2-2762df75eea4&ref_=pd_gw_ci_mcx_mr_hp_atf_m&pageNumber=0,0
Fast charger,Fast charging speed adapter.,2023-02-14,,,Yes,PRAVEENA,5.0,Original 25W Charger Super Fast Charging Charger Adapter Smartphone Charger Compatible for Samsung Galaxy S21/S21+/S21 Ultra/S20/S20+/S20 Ultra/ M51/M42/F23 5G/M53 5G/M52 5G/M33 (Only Adapter)-White,https://www.amazon.in/Original-Charger-Charging-Smartphone-Compatible/product-reviews/B0BLNFYF8H/?_encoding=UTF8&pd_rd_w=HgA4p&content-id=amzn1.sym.730090a5-d1cb-4d65-a97c-9881819a53f1&pf_rd_p=730090a5-d1cb-4d65-a97c-9881819a53f1&pf_rd_r=8NF2H16EMS6544MKW0VN&pd_rd_wg=rgu9C&pd_rd_r=f49bb855-154d-4e5a-96e2-2762df75eea4&ref_=pd_gw_ci_mcx_mr_hp_atf_m&pageNumber=1,0
It reduces our time to charge,Samsung M33 phone charging,2023-02-11,,,Yes,Amazon Customer,5.0,Original 25W Charger Super Fast Charging Charger Adapter Smartphone Charger Compatible for Samsung Galaxy S21/S21+/S21 Ultra/S20/S20+/S20 Ultra/ M51/M42/F23 5G/M53 5G/M52 5G/M33 (Only Adapter)-White,https://www.amazon.in/Original-Charger-Charging-Smartphone-Compatible/product-reviews/B0BLNFYF8H/?_encoding=UTF8&pd_rd_w=HgA4p&content-id=amzn1.sym.730090a5-d1cb-4d65-a97c-9881819a53f1&pf_rd_p=730090a5-d1cb-4d65-a97c-9881819a53f1&pf_rd_r=8NF2H16EMS6544MKW0VN&pd_rd_wg=rgu9C&pd_rd_r=f49bb855-154d-4e5a-96e2-2762df75eea4&ref_=pd_gw_ci_mcx_mr_hp_atf_m&pageNumber=1,0
Awesome,Fast charging hota lekin charger thoda hit rehta hai but chalega,2023-01-26,,,Yes,Akshya Singh,5.0,Original 25W Charger Super Fast Charging Charger Adapter Smartphone Charger Compatible for Samsung Galaxy S21/S21+/S21 Ultra/S20/S20+/S20 Ultra/ M51/M42/F23 5G/M53 5G/M52 5G/M33 (Only Adapter)-White,https://www.amazon.in/Original-Charger-Charging-Smartphone-Compatible/product-reviews/B0BLNFYF8H/?_encoding=UTF8&pd_rd_w=HgA4p&content-id=amzn1.sym.730090a5-d1cb-4d65-a97c-9881819a53f1&pf_rd_p=730090a5-d1cb-4d65-a97c-9881819a53f1&pf_rd_r=8NF2H16EMS6544MKW0VN&pd_rd_wg=rgu9C&pd_rd_r=f49bb855-154d-4e5a-96e2-2762df75eea4&ref_=pd_gw_ci_mcx_mr_hp_atf_m&pageNumber=2,0
Item is perfect,Item is per fect,2022-12-21,,,Yes,Bhoora thagela,5.0,Original 25W Charger Super Fast Charging Charger Adapter Smartphone Charger Compatible for Samsung Galaxy S21/S21+/S21 Ultra/S20/S20+/S20 Ultra/ M51/M42/F23 5G/M53 5G/M52 5G/M33 (Only Adapter)-White,https://www.amazon.in/Original-Charger-Charging-Smartphone-Compatible/product-reviews/B0BLNFYF8H/?_encoding=UTF8&pd_rd_w=HgA4p&content-id=amzn1.sym.730090a5-d1cb-4d65-a97c-9881819a53f1&pf_rd_p=730090a5-d1cb-4d65-a97c-9881819a53f1&pf_rd_r=8NF2H16EMS6544MKW0VN&pd_rd_wg=rgu9C&pd_rd_r=f49bb855-154d-4e5a-96e2-2762df75eea4&ref_=pd_gw_ci_mcx_mr_hp_atf_m&pageNumber=3,0
Nice Product,Fast charging,2022-12-17,,https://m.media-amazon.com/images/I/61phM5ua0CL._SY88.jpg,Yes,Suhit,5.0,Original 25W Charger Super Fast Charging Charger Adapter Smartphone Charger Compatible for Samsung Galaxy S21/S21+/S21 Ultra/S20/S20+/S20 Ultra/ M51/M42/F23 5G/M53 5G/M52 5G/M33 (Only Adapter)-White,https://www.amazon.in/Original-Charger-Charging-Smartphone-Compatible/product-reviews/B0BLNFYF8H/?_encoding=UTF8&pd_rd_w=HgA4p&content-id=amzn1.sym.730090a5-d1cb-4d65-a97c-9881819a53f1&pf_rd_p=730090a5-d1cb-4d65-a97c-9881819a53f1&pf_rd_r=8NF2H16EMS6544MKW0VN&pd_rd_wg=rgu9C&pd_rd_r=f49bb855-154d-4e5a-96e2-2762df75eea4&ref_=pd_gw_ci_mcx_mr_hp_atf_m&pageNumber=3,0
Best piece,Charging purpose,2022-11-12,,,Yes,Sooraj Pachouri,5.0,Original 25W Charger Super Fast Charging Charger Adapter Smartphone Charger Compatible for Samsung Galaxy S21/S21+/S21 Ultra/S20/S20+/S20 Ultra/ M51/M42/F23 5G/M53 5G/M52 5G/M33 (Only Adapter)-White,https://www.amazon.in/Original-Charger-Charging-Smartphone-Compatible/product-reviews/B0BLNFYF8H/?_encoding=UTF8&pd_rd_w=HgA4p&content-id=amzn1.sym.730090a5-d1cb-4d65-a97c-9881819a53f1&pf_rd_p=730090a5-d1cb-4d65-a97c-9881819a53f1&pf_rd_r=8NF2H16EMS6544MKW0VN&pd_rd_wg=rgu9C&pd_rd_r=f49bb855-154d-4e5a-96e2-2762df75eea4&ref_=pd_gw_ci_mcx_mr_hp_atf_m&pageNumber=3,0
Getting heat,It‚Äôs getting heat while charging and also making my iPhone and iWatch hot during charging.,2022-10-09,Style name: 18W - Dual Port / White,,Yes,Jiten,3.0,"Amazon Basics 18W Dual Port USB Type C and USB Type A Fast Charging Wall Charger for Cellular Phones, Game Consoles, Headphones, MP3 Players, Speakers - White",https://www.amazon.in/Amazon-Basics-Charger-Charging-White/product-reviews/B09V6MPQ3V/?_encoding=UTF8&pd_rd_w=HgA4p&content-id=amzn1.sym.730090a5-d1cb-4d65-a97c-9881819a53f1&pf_rd_p=730090a5-d1cb-4d65-a97c-9881819a53f1&pf_rd_r=8NF2H16EMS6544MKW0VN&pd_rd_wg=rgu9C&pd_rd_r=f49bb855-154d-4e5a-96e2-2762df75eea4&ref_=pd_gw_ci_mcx_mr_hp_atf_m&pageNumber=0,0
Problm solved,Note 20 ultra charging problm has been solved,2023-01-23,Style name: 18W - Dual Port / White,,Yes,Deepak,5.0,"Amazon Basics 18W Dual Port USB Type C and USB Type A Fast Charging Wall Charger for Cellular Phones, Game Consoles, Headphones, MP3 Players, Speakers - White",https://www.amazon.in/Amazon-Basics-Charger-Charging-White/product-reviews/B09V6MPQ3V/?_encoding=UTF8&pd_rd_w=HgA4p&content-id=amzn1.sym.730090a5-d1cb-4d65-a97c-9881819a53f1&pf_rd_p=730090a5-d1cb-4d65-a97c-9881819a53f1&pf_rd_r=8NF2H16EMS6544MKW0VN&pd_rd_wg=rgu9C&pd_rd_r=f49bb855-154d-4e5a-96e2-2762df75eea4&ref_=pd_gw_ci_mcx_mr_hp_atf_m&pageNumber=0,0
Not a 18 W charger,Either wrong description or wrong delivery. It is a 10W charger and NOT a 18 W charger,2022-07-21,Style name: 18W - Dual Port / White,,Yes,ACS,3.0,"Amazon Basics 18W Dual Port USB Type C and USB Type A Fast Charging Wall Charger for Cellular Phones, Game Consoles, Headphones, MP3 Players, Speakers - White",https://www.amazon.in/Amazon-Basics-Charger-Charging-White/product-reviews/B09V6MPQ3V/?_encoding=UTF8&pd_rd_w=HgA4p&content-id=amzn1.sym.730090a5-d1cb-4d65-a97c-9881819a53f1&pf_rd_p=730090a5-d1cb-4d65-a97c-9881819a53f1&pf_rd_r=8NF2H16EMS6544MKW0VN&pd_rd_wg=rgu9C&pd_rd_r=f49bb855-154d-4e5a-96e2-2762df75eea4&ref_=pd_gw_ci_mcx_mr_hp_atf_m&pageNumber=0,0
Getting heat,It‚Äôs getting heat while charging and also making my iPhone and iWatch hot during charging.,2022-10-09,Style name: 18W - Dual Port / White,,Yes,Jiten,3.0,"Amazon Basics 18W Dual Port USB Type C and USB Type A Fast Charging Wall Charger for Cellular Phones, Game Consoles, Headphones, MP3 Players, Speakers - White",https://www.amazon.in/Amazon-Basics-Charger-Charging-White/product-reviews/B09V6MPQ3V/?_encoding=UTF8&pd_rd_w=HgA4p&content-id=amzn1.sym.730090a5-d1cb-4d65-a97c-9881819a53f1&pf_rd_p=730090a5-d1cb-4d65-a97c-9881819a53f1&pf_rd_r=8NF2H16EMS6544MKW0VN&pd_rd_wg=rgu9C&pd_rd_r=f49bb855-154d-4e5a-96e2-2762df75eea4&ref_=pd_gw_ci_mcx_mr_hp_atf_m&pageNumber=1,0
Problm solved,Note 20 ultra charging problm has been solved,2023-01-23,Style name: 18W - Dual Port / White,,Yes,Deepak,5.0,"Amazon Basics 18W Dual Port USB Type C and USB Type A Fast Charging Wall Charger for Cellular Phones, Game Consoles, Headphones, MP3 Players, Speakers - White",https://www.amazon.in/Amazon-Basics-Charger-Charging-White/product-reviews/B09V6MPQ3V/?_encoding=UTF8&pd_rd_w=HgA4p&content-id=amzn1.sym.730090a5-d1cb-4d65-a97c-9881819a53f1&pf_rd_p=730090a5-d1cb-4d65-a97c-9881819a53f1&pf_rd_r=8NF2H16EMS6544MKW0VN&pd_rd_wg=rgu9C&pd_rd_r=f49bb855-154d-4e5a-96e2-2762df75eea4&ref_=pd_gw_ci_mcx_mr_hp_atf_m&pageNumber=1,0
Not a 18 W charger,Either wrong description or wrong delivery. It is a 10W charger and NOT a 18 W charger,2022-07-21,Style name: 18W - Dual Port / White,,Yes,ACS,3.0,"Amazon Basics 18W Dual Port USB Type C and USB Type A Fast Charging Wall Charger for Cellular Phones, Game Consoles, Headphones, MP3 Players, Speakers - White",https://www.amazon.in/Amazon-Basics-Charger-Charging-White/product-reviews/B09V6MPQ3V/?_encoding=UTF8&pd_rd_w=HgA4p&content-id=amzn1.sym.730090a5-d1cb-4d65-a97c-9881819a53f1&pf_rd_p=730090a5-d1cb-4d65-a97c-9881819a53f1&pf_rd_r=8NF2H16EMS6544MKW0VN&pd_rd_wg=rgu9C&pd_rd_r=f49bb855-154d-4e5a-96e2-2762df75eea4&ref_=pd_gw_ci_mcx_mr_hp_atf_m&pageNumber=1,0
Great.,Works flawlessly. Go for it.,2022-12-15,Style name: 18W - Dual Port / White,,Yes,Himanshu Kumar,5.0,"Amazon Basics 18W Dual Port USB Type C and USB Type A Fast Charging Wall Charger for Cellular Phones, Game Consoles, Headphones, MP3 Players, Speakers - White",https://www.amazon.in/Amazon-Basics-Charger-Charging-White/product-reviews/B09V6MPQ3V/?_encoding=UTF8&pd_rd_w=HgA4p&content-id=amzn1.sym.730090a5-d1cb-4d65-a97c-9881819a53f1&pf_rd_p=730090a5-d1cb-4d65-a97c-9881819a53f1&pf_rd_r=8NF2H16EMS6544MKW0VN&pd_rd_wg=rgu9C&pd_rd_r=f49bb855-154d-4e5a-96e2-2762df75eea4&ref_=pd_gw_ci_mcx_mr_hp_atf_m&pageNumber=2,0
Worth less product,After 2 month it's not work and totaly West of money. So don't purchase this my friend.,2023-02-17,Style name: 18W - Dual Port / White,,Yes,hemanta k.,1.0,"Amazon Basics 18W Dual Port USB Type C and USB Type A Fast Charging Wall Charger for Cellular Phones, Game Consoles, Headphones, MP3 Players, Speakers - White",https://www.amazon.in/Amazon-Basics-Charger-Charging-White/product-reviews/B09V6MPQ3V/?_encoding=UTF8&pd_rd_w=HgA4p&content-id=amzn1.sym.730090a5-d1cb-4d65-a97c-9881819a53f1&pf_rd_p=730090a5-d1cb-4d65-a97c-9881819a53f1&pf_rd_r=8NF2H16EMS6544MKW0VN&pd_rd_wg=rgu9C&pd_rd_r=f49bb855-154d-4e5a-96e2-2762df75eea4&ref_=pd_gw_ci_mcx_mr_hp_atf_m&pageNumber=2,0
Zero star. ..Don't buy it,Don't waste ur money. Only worked for first time.,2023-01-27,Style name: 18W - Dual Port / White,,Yes,HARIPRASAD,1.0,"Amazon Basics 18W Dual Port USB Type C and USB Type A Fast Charging Wall Charger for Cellular Phones, Game Consoles, Headphones, MP3 Players, Speakers - White",https://www.amazon.in/Amazon-Basics-Charger-Charging-White/product-reviews/B09V6MPQ3V/?_encoding=UTF8&pd_rd_w=HgA4p&content-id=amzn1.sym.730090a5-d1cb-4d65-a97c-9881819a53f1&pf_rd_p=730090a5-d1cb-4d65-a97c-9881819a53f1&pf_rd_r=8NF2H16EMS6544MKW0VN&pd_rd_wg=rgu9C&pd_rd_r=f49bb855-154d-4e5a-96e2-2762df75eea4&ref_=pd_gw_ci_mcx_mr_hp_atf_m&pageNumber=3,0
Worst product from Amazon,I have ordered 3 month ago. Now it's not working . I am unable to get power adaptor.,2023-01-07,Style name: 18W - Dual Port / White,https://m.media-amazon.com/images/I/61l+q8dwAuL._SY88.jpg,Yes,Sanju,1.0,"Amazon Basics 18W Dual Port USB Type C and USB Type A Fast Charging Wall Charger for Cellular Phones, Game Consoles, Headphones, MP3 Players, Speakers - White",https://www.amazon.in/Amazon-Basics-Charger-Charging-White/product-reviews/B09V6MPQ3V/?_encoding=UTF8&pd_rd_w=HgA4p&content-id=amzn1.sym.730090a5-d1cb-4d65-a97c-9881819a53f1&pf_rd_p=730090a5-d1cb-4d65-a97c-9881819a53f1&pf_rd_r=8NF2H16EMS6544MKW0VN&pd_rd_wg=rgu9C&pd_rd_r=f49bb855-154d-4e5a-96e2-2762df75eea4&ref_=pd_gw_ci_mcx_mr_hp_atf_m&pageNumber=3,0
Over all good,I am not able to here my call recordings already saved ...,2023-02-11,"Size: 6GB RAM, 128GB Storage Colour: Black Dusk",,Yes,Mk,4.0,"OnePlus Nord CE 2 Lite 5G (Blue Tide, 6GB RAM, 128GB Storage)",https://www.amazon.in/OnePlus-Nord-Lite-128GB-Storage/product-reviews/B09WQYFLRX/ref=zg-bs_1389432031_sccl_1/258-9771856-7503532?pd_rd_w=PE2Dg&content-id=amzn1.sym.40a67462-811c-4fe6-92cc-c87371e20166&pf_rd_p=40a67462-811c-4fe6-92cc-c87371e20166&pf_rd_r=29MMWY2N1QW0CYJMS68M&pd_rd_wg=dwjrV&pd_rd_r=e3794eef-1e4b-4234-a0e6-4fbe6f353a59&pd_rd_i=B09WQYFLRX&psc=1&pageNumber=3,0
Hang ho raha he or auto back ho jata he,Hang ho raha he,2023-02-01,"Size: 6GB RAM, 128GB Storage Colour: Blue Tide",,Yes,Bhadresh,4.0,"OnePlus Nord CE 2 Lite 5G (Blue Tide, 6GB RAM, 128GB Storage)",https://www.amazon.in/OnePlus-Nord-Lite-128GB-Storage/product-reviews/B09WQYFLRX/ref=zg-bs_1389432031_sccl_1/258-9771856-7503532?pd_rd_w=PE2Dg&content-id=amzn1.sym.40a67462-811c-4fe6-92cc-c87371e20166&pf_rd_p=40a67462-811c-4fe6-92cc-c87371e20166&pf_rd_r=29MMWY2N1QW0CYJMS68M&pd_rd_wg=dwjrV&pd_rd_r=e3794eef-1e4b-4234-a0e6-4fbe6f353a59&pd_rd_i=B09WQYFLRX&psc=1&pageNumber=3,0
Like a phone nice .,West phone .,2023-02-07,"Size: 6GB RAM, 128GB Storage Colour: Blue Tide",,Yes,Ravi kumar,4.0,"OnePlus Nord CE 2 Lite 5G (Blue Tide, 6GB RAM, 128GB Storage)",https://www.amazon.in/OnePlus-Nord-Lite-128GB-Storage/product-reviews/B09WQYFLRX/ref=zg-bs_1389432031_sccl_1/258-9771856-7503532?pd_rd_w=PE2Dg&content-id=amzn1.sym.40a67462-811c-4fe6-92cc-c87371e20166&pf_rd_p=40a67462-811c-4fe6-92cc-c87371e20166&pf_rd_r=29MMWY2N1QW0CYJMS68M&pd_rd_wg=dwjrV&pd_rd_r=e3794eef-1e4b-4234-a0e6-4fbe6f353a59&pd_rd_i=B09WQYFLRX&psc=1&pageNumber=4,0
Amoled display may be a good option.,Screen should be amoled,2023-02-02,"Size: 6GB RAM, 128GB Storage Colour: Black Dusk",,Yes,Shalendra choudhary,4.0,"OnePlus Nord CE 2 Lite 5G (Blue Tide, 6GB RAM, 128GB Storage)",https://www.amazon.in/OnePlus-Nord-Lite-128GB-Storage/product-reviews/B09WQYFLRX/ref=zg-bs_1389432031_sccl_1/258-9771856-7503532?pd_rd_w=PE2Dg&content-id=amzn1.sym.40a67462-811c-4fe6-92cc-c87371e20166&pf_rd_p=40a67462-811c-4fe6-92cc-c87371e20166&pf_rd_r=29MMWY2N1QW0CYJMS68M&pd_rd_wg=dwjrV&pd_rd_r=e3794eef-1e4b-4234-a0e6-4fbe6f353a59&pd_rd_i=B09WQYFLRX&psc=1&pageNumber=4,0
Only average but price is too high,"‡§™‡•ç‡§∞‡§æ‡§´‡•ã‡§Æ‡•ç‡§∏ ‡§Æ‡•á‡§Ç ‡§†‡•Ä‡§ï ‡§π‡•à ‡§≤‡•á‡§ï‡§ø‡§® 25000 ‡§π‡§ú‡§æ‡§∞ ‡§Æ‡•á‡§Ç ‡§á‡§§‡§®‡§æ ‡§Ö‡§ö‡•ç‡§õ‡§æ ‡§®‡§π‡•Ä ‡§π‡•à‡§Ç,price jayda ‡§π‡•à",2023-02-02,,,Yes,Jasveer singh,4.0,"OnePlus Nord CE 2 Lite 5G (Blue Tide, 6GB RAM, 128GB Storage)",https://www.amazon.in/OnePlus-Nord-Lite-128GB-Storage/product-reviews/B09WQYFLRX/ref=zg-bs_1389432031_sccl_1/258-9771856-7503532?pd_rd_w=PE2Dg&content-id=amzn1.sym.40a67462-811c-4fe6-92cc-c87371e20166&pf_rd_p=40a67462-811c-4fe6-92cc-c87371e20166&pf_rd_r=29MMWY2N1QW0CYJMS68M&pd_rd_wg=dwjrV&pd_rd_r=e3794eef-1e4b-4234-a0e6-4fbe6f353a59&pd_rd_i=B09WQYFLRX&psc=1&pageNumber=4,0
..,Handset is becoming hot while changing,2023-01-30,"Size: 6GB RAM, 128GB Storage Colour: Black Dusk",,Yes,AJINKYA,4.0,"OnePlus Nord CE 2 Lite 5G (Blue Tide, 6GB RAM, 128GB Storage)",https://www.amazon.in/OnePlus-Nord-Lite-128GB-Storage/product-reviews/B09WQYFLRX/ref=zg-bs_1389432031_sccl_1/258-9771856-7503532?pd_rd_w=PE2Dg&content-id=amzn1.sym.40a67462-811c-4fe6-92cc-c87371e20166&pf_rd_p=40a67462-811c-4fe6-92cc-c87371e20166&pf_rd_r=29MMWY2N1QW0CYJMS68M&pd_rd_wg=dwjrV&pd_rd_r=e3794eef-1e4b-4234-a0e6-4fbe6f353a59&pd_rd_i=B09WQYFLRX&psc=1&pageNumber=4,0
"User interface, OS , battery, Camera are some good takes, but no fast charging is a drawback",Lagging fast charging,2023-01-27,"Size: 6GB RAM, 128GB Storage Colour: Black Dusk",,Yes,INDRA MOHAN,4.0,"OnePlus Nord CE 2 Lite 5G (Blue Tide, 6GB RAM, 128GB Storage)",https://www.amazon.in/OnePlus-Nord-Lite-128GB-Storage/product-reviews/B09WQYFLRX/ref=zg-bs_1389432031_sccl_1/258-9771856-7503532?pd_rd_w=PE2Dg&content-id=amzn1.sym.40a67462-811c-4fe6-92cc-c87371e20166&pf_rd_p=40a67462-811c-4fe6-92cc-c87371e20166&pf_rd_r=29MMWY2N1QW0CYJMS68M&pd_rd_wg=dwjrV&pd_rd_r=e3794eef-1e4b-4234-a0e6-4fbe6f353a59&pd_rd_i=B09WQYFLRX&psc=1&pageNumber=5,0
Nyc phone camera üì∏ is good,Budget phone,2023-01-24,"Size: 6GB RAM, 128GB Storage Colour: Black Dusk",,Yes,Harsh,4.0,"OnePlus Nord CE 2 Lite 5G (Blue Tide, 6GB RAM, 128GB Storage)",https://www.amazon.in/OnePlus-Nord-Lite-128GB-Storage/product-reviews/B09WQYFLRX/ref=zg-bs_1389432031_sccl_1/258-9771856-7503532?pd_rd_w=PE2Dg&content-id=amzn1.sym.40a67462-811c-4fe6-92cc-c87371e20166&pf_rd_p=40a67462-811c-4fe6-92cc-c87371e20166&pf_rd_r=29MMWY2N1QW0CYJMS68M&pd_rd_wg=dwjrV&pd_rd_r=e3794eef-1e4b-4234-a0e6-4fbe6f353a59&pd_rd_i=B09WQYFLRX&psc=1&pageNumber=5,0
Ok,Average performance,2023-01-30,"Size: 6GB RAM, 128GB Storage Colour: Blue Tide",,Yes,V Sairam,4.0,"OnePlus Nord CE 2 Lite 5G (Blue Tide, 6GB RAM, 128GB Storage)",https://www.amazon.in/OnePlus-Nord-Lite-128GB-Storage/product-reviews/B09WQYFLRX/ref=zg-bs_1389432031_sccl_1/258-9771856-7503532?pd_rd_w=PE2Dg&content-id=amzn1.sym.40a67462-811c-4fe6-92cc-c87371e20166&pf_rd_p=40a67462-811c-4fe6-92cc-c87371e20166&pf_rd_r=29MMWY2N1QW0CYJMS68M&pd_rd_wg=dwjrV&pd_rd_r=e3794eef-1e4b-4234-a0e6-4fbe6f353a59&pd_rd_i=B09WQYFLRX&psc=1&pageNumber=6,0
Over all good mobile.,This is a midrange OnePlus phone.,2023-01-10,"Size: 6GB RAM, 128GB Storage Colour: Blue Tide",,Yes,Sudhansu Sekhar Behera,4.0,"OnePlus Nord CE 2 Lite 5G (Blue Tide, 6GB RAM, 128GB Storage)",https://www.amazon.in/OnePlus-Nord-Lite-128GB-Storage/product-reviews/B09WQYFLRX/ref=zg-bs_1389432031_sccl_1/258-9771856-7503532?pd_rd_w=PE2Dg&content-id=amzn1.sym.40a67462-811c-4fe6-92cc-c87371e20166&pf_rd_p=40a67462-811c-4fe6-92cc-c87371e20166&pf_rd_r=29MMWY2N1QW0CYJMS68M&pd_rd_wg=dwjrV&pd_rd_r=e3794eef-1e4b-4234-a0e6-4fbe6f353a59&pd_rd_i=B09WQYFLRX&psc=1&pageNumber=11,0
üëå Super,No.1 Oneplus nord ce 2 mobile phone,2023-01-01,"Size: 6GB RAM, 128GB Storage Colour: Black Dusk",,Yes,Amazon Customer,4.0,"OnePlus Nord CE 2 Lite 5G (Blue Tide, 6GB RAM, 128GB Storage)",https://www.amazon.in/OnePlus-Nord-Lite-128GB-Storage/product-reviews/B09WQYFLRX/ref=zg-bs_1389432031_sccl_1/258-9771856-7503532?pd_rd_w=PE2Dg&content-id=amzn1.sym.40a67462-811c-4fe6-92cc-c87371e20166&pf_rd_p=40a67462-811c-4fe6-92cc-c87371e20166&pf_rd_r=29MMWY2N1QW0CYJMS68M&pd_rd_wg=dwjrV&pd_rd_r=e3794eef-1e4b-4234-a0e6-4fbe6f353a59&pd_rd_i=B09WQYFLRX&psc=1&pageNumber=11,0
So good,Batter,2023-01-03,"Size: 6GB RAM, 128GB Storage Colour: Blue Tide",,Yes,sudhakar ch,4.0,"OnePlus Nord CE 2 Lite 5G (Blue Tide, 6GB RAM, 128GB Storage)",https://www.amazon.in/OnePlus-Nord-Lite-128GB-Storage/product-reviews/B09WQYFLRX/ref=zg-bs_1389432031_sccl_1/258-9771856-7503532?pd_rd_w=PE2Dg&content-id=amzn1.sym.40a67462-811c-4fe6-92cc-c87371e20166&pf_rd_p=40a67462-811c-4fe6-92cc-c87371e20166&pf_rd_r=29MMWY2N1QW0CYJMS68M&pd_rd_wg=dwjrV&pd_rd_r=e3794eef-1e4b-4234-a0e6-4fbe6f353a59&pd_rd_i=B09WQYFLRX&psc=1&pageNumber=14,0
Quality phone at reasonable cost,None,2022-12-24,"Size: 6GB RAM, 128GB Storage Colour: Blue Tide",,Yes,Rakesh Ganeriwal,4.0,"OnePlus Nord CE 2 Lite 5G (Blue Tide, 6GB RAM, 128GB Storage)",https://www.amazon.in/OnePlus-Nord-Lite-128GB-Storage/product-reviews/B09WQYFLRX/ref=zg-bs_1389432031_sccl_1/258-9771856-7503532?pd_rd_w=PE2Dg&content-id=amzn1.sym.40a67462-811c-4fe6-92cc-c87371e20166&pf_rd_p=40a67462-811c-4fe6-92cc-c87371e20166&pf_rd_r=29MMWY2N1QW0CYJMS68M&pd_rd_wg=dwjrV&pd_rd_r=e3794eef-1e4b-4234-a0e6-4fbe6f353a59&pd_rd_i=B09WQYFLRX&psc=1&pageNumber=15,0
Awesome mobile,Budget supercool phone. 19000 hajar me aur kya loge.. One plus ka symbol dekh ke hi paise vasul ho gaye mere,2023-02-06,"Size: 6GB RAM, 128GB Storage Colour: Blue Tide",,Yes,omkar siraskar,5.0,"OnePlus Nord CE 2 Lite 5G (Blue Tide, 6GB RAM, 128GB Storage)",https://www.amazon.in/OnePlus-Nord-Lite-128GB-Storage/product-reviews/B09WQYFLRX/ref=zg-bs_1389432031_sccl_1/258-9771856-7503532?pd_rd_w=PE2Dg&content-id=amzn1.sym.40a67462-811c-4fe6-92cc-c87371e20166&pf_rd_p=40a67462-811c-4fe6-92cc-c87371e20166&pf_rd_r=29MMWY2N1QW0CYJMS68M&pd_rd_wg=dwjrV&pd_rd_r=e3794eef-1e4b-4234-a0e6-4fbe6f353a59&pd_rd_i=B09WQYFLRX&psc=1&pageNumber=17,0
Good,6 month free Spotify link????,2023-02-13,"Size: 6GB RAM, 128GB Storage Colour: Blue Tide",,Yes,pargat 97816,5.0,"OnePlus Nord CE 2 Lite 5G (Blue Tide, 6GB RAM, 128GB Storage)",https://www.amazon.in/OnePlus-Nord-Lite-128GB-Storage/product-reviews/B09WQYFLRX/ref=zg-bs_1389432031_sccl_1/258-9771856-7503532?pd_rd_w=PE2Dg&content-id=amzn1.sym.40a67462-811c-4fe6-92cc-c87371e20166&pf_rd_p=40a67462-811c-4fe6-92cc-c87371e20166&pf_rd_r=29MMWY2N1QW0CYJMS68M&pd_rd_wg=dwjrV&pd_rd_r=e3794eef-1e4b-4234-a0e6-4fbe6f353a59&pd_rd_i=B09WQYFLRX&psc=1&pageNumber=19,0
Not bad,The media could not be loaded.,2023-01-14,"Size: 6GB RAM, 128GB Storage Colour: Blue Tide",https://m.media-amazon.com/images/I/61G-XWxeyOL._SY88.jpg,Yes,Amazon Customer,4.0,"OnePlus Nord CE 2 Lite 5G (Blue Tide, 6GB RAM, 128GB Storage)",https://www.amazon.in/OnePlus-Nord-Lite-128GB-Storage/product-reviews/B09WQYFLRX/ref=zg-bs_1389432031_sccl_1/258-9771856-7503532?pd_rd_w=PE2Dg&content-id=amzn1.sym.40a67462-811c-4fe6-92cc-c87371e20166&pf_rd_p=40a67462-811c-4fe6-92cc-c87371e20166&pf_rd_r=29MMWY2N1QW0CYJMS68M&pd_rd_wg=dwjrV&pd_rd_r=e3794eef-1e4b-4234-a0e6-4fbe6f353a59&pd_rd_i=B09WQYFLRX&psc=1&pageNumber=20,0
Great deal in this rangeü´Çüíû,Satisfying....,2023-02-14,,,Yes,Guriya s.,5.0,"OnePlus Nord CE 2 Lite 5G (Blue Tide, 6GB RAM, 128GB Storage)",https://www.amazon.in/OnePlus-Nord-Lite-128GB-Storage/product-reviews/B09WQYFLRX/ref=zg-bs_1389432031_sccl_1/258-9771856-7503532?pd_rd_w=PE2Dg&content-id=amzn1.sym.40a67462-811c-4fe6-92cc-c87371e20166&pf_rd_p=40a67462-811c-4fe6-92cc-c87371e20166&pf_rd_r=29MMWY2N1QW0CYJMS68M&pd_rd_wg=dwjrV&pd_rd_r=e3794eef-1e4b-4234-a0e6-4fbe6f353a59&pd_rd_i=B09WQYFLRX&psc=1&pageNumber=24,0
Phone,üëç,2023-02-16,"Size: 6GB RAM, 128GB Storage Colour: Blue Tide",,Yes,VIKRAM KHAN,5.0,"OnePlus Nord CE 2 Lite 5G (Blue Tide, 6GB RAM, 128GB Storage)",https://www.amazon.in/OnePlus-Nord-Lite-128GB-Storage/product-reviews/B09WQYFLRX/ref=zg-bs_1389432031_sccl_1/258-9771856-7503532?pd_rd_w=PE2Dg&content-id=amzn1.sym.40a67462-811c-4fe6-92cc-c87371e20166&pf_rd_p=40a67462-811c-4fe6-92cc-c87371e20166&pf_rd_r=29MMWY2N1QW0CYJMS68M&pd_rd_wg=dwjrV&pd_rd_r=e3794eef-1e4b-4234-a0e6-4fbe6f353a59&pd_rd_i=B09WQYFLRX&psc=1&pageNumber=24,0
Very good,Supar,2023-02-10,,https://m.media-amazon.com/images/I/71q3cNFZldL._SY88.jpg,Yes,Md jahid,5.0,"OnePlus Nord CE 2 Lite 5G (Blue Tide, 6GB RAM, 128GB Storage)",https://www.amazon.in/OnePlus-Nord-Lite-128GB-Storage/product-reviews/B09WQYFLRX/ref=zg-bs_1389432031_sccl_1/258-9771856-7503532?pd_rd_w=PE2Dg&content-id=amzn1.sym.40a67462-811c-4fe6-92cc-c87371e20166&pf_rd_p=40a67462-811c-4fe6-92cc-c87371e20166&pf_rd_r=29MMWY2N1QW0CYJMS68M&pd_rd_wg=dwjrV&pd_rd_r=e3794eef-1e4b-4234-a0e6-4fbe6f353a59&pd_rd_i=B09WQYFLRX&psc=1&pageNumber=25,0
Camera quality,Camera quality is not up to the mark.,2022-12-10,"Size: 6GB RAM, 128GB Storage Colour: Blue Tide",,Yes,Placeholder,4.0,"OnePlus Nord CE 2 Lite 5G (Blue Tide, 6GB RAM, 128GB Storage)",https://www.amazon.in/OnePlus-Nord-Lite-128GB-Storage/product-reviews/B09WQYFLRX/ref=zg-bs_1389432031_sccl_1/258-9771856-7503532?pd_rd_w=PE2Dg&content-id=amzn1.sym.40a67462-811c-4fe6-92cc-c87371e20166&pf_rd_p=40a67462-811c-4fe6-92cc-c87371e20166&pf_rd_r=29MMWY2N1QW0CYJMS68M&pd_rd_wg=dwjrV&pd_rd_r=e3794eef-1e4b-4234-a0e6-4fbe6f353a59&pd_rd_i=B09WQYFLRX&psc=1&pageNumber=27,0
Overall is good,"During watching video through gallery, we can't increase & decrease the speed of video, after minimise window video's is starts position not at resume.",2023-02-01,"Size: 6GB RAM, 128GB Storage Colour: Blue Tide",https://m.media-amazon.com/images/I/61CMrgKylpL._SY88.jpg,Yes,Vishal Singh Sisodiya,5.0,"OnePlus Nord CE 2 Lite 5G (Blue Tide, 6GB RAM, 128GB Storage)",https://www.amazon.in/OnePlus-Nord-Lite-128GB-Storage/product-reviews/B09WQYFLRX/ref=zg-bs_1389432031_sccl_1/258-9771856-7503532?pd_rd_w=PE2Dg&content-id=amzn1.sym.40a67462-811c-4fe6-92cc-c87371e20166&pf_rd_p=40a67462-811c-4fe6-92cc-c87371e20166&pf_rd_r=29MMWY2N1QW0CYJMS68M&pd_rd_wg=dwjrV&pd_rd_r=e3794eef-1e4b-4234-a0e6-4fbe6f353a59&pd_rd_i=B09WQYFLRX&psc=1&pageNumber=27,0
Better than others,Large battery,2022-12-18,"Size: 6GB RAM, 128GB Storage Colour: Blue Tide",,Yes,Vijay kumar,4.0,"OnePlus Nord CE 2 Lite 5G (Blue Tide, 6GB RAM, 128GB Storage)",https://www.amazon.in/OnePlus-Nord-Lite-128GB-Storage/product-reviews/B09WQYFLRX/ref=zg-bs_1389432031_sccl_1/258-9771856-7503532?pd_rd_w=PE2Dg&content-id=amzn1.sym.40a67462-811c-4fe6-92cc-c87371e20166&pf_rd_p=40a67462-811c-4fe6-92cc-c87371e20166&pf_rd_r=29MMWY2N1QW0CYJMS68M&pd_rd_wg=dwjrV&pd_rd_r=e3794eef-1e4b-4234-a0e6-4fbe6f353a59&pd_rd_i=B09WQYFLRX&psc=1&pageNumber=27,0
Average,Rear Camera quality is below average.,2022-12-12,"Size: 6GB RAM, 128GB Storage Colour: Blue Tide",,Yes,Avi,4.0,"OnePlus Nord CE 2 Lite 5G (Blue Tide, 6GB RAM, 128GB Storage)",https://www.amazon.in/OnePlus-Nord-Lite-128GB-Storage/product-reviews/B09WQYFLRX/ref=zg-bs_1389432031_sccl_1/258-9771856-7503532?pd_rd_w=PE2Dg&content-id=amzn1.sym.40a67462-811c-4fe6-92cc-c87371e20166&pf_rd_p=40a67462-811c-4fe6-92cc-c87371e20166&pf_rd_r=29MMWY2N1QW0CYJMS68M&pd_rd_wg=dwjrV&pd_rd_r=e3794eef-1e4b-4234-a0e6-4fbe6f353a59&pd_rd_i=B09WQYFLRX&psc=1&pageNumber=27,0
Camera is awesome,Fast charging. But charge drain quickly.,2022-12-11,"Size: 6GB RAM, 128GB Storage Colour: Blue Tide",,Yes,Debbethi Bera,4.0,"OnePlus Nord CE 2 Lite 5G (Blue Tide, 6GB RAM, 128GB Storage)",https://www.amazon.in/OnePlus-Nord-Lite-128GB-Storage/product-reviews/B09WQYFLRX/ref=zg-bs_1389432031_sccl_1/258-9771856-7503532?pd_rd_w=PE2Dg&content-id=amzn1.sym.40a67462-811c-4fe6-92cc-c87371e20166&pf_rd_p=40a67462-811c-4fe6-92cc-c87371e20166&pf_rd_r=29MMWY2N1QW0CYJMS68M&pd_rd_wg=dwjrV&pd_rd_r=e3794eef-1e4b-4234-a0e6-4fbe6f353a59&pd_rd_i=B09WQYFLRX&psc=1&pageNumber=28,0
Money waste,Not one plus range,2023-02-17,"Size: 6GB RAM, 128GB Storage Colour: Blue Tide",,Yes,Amazon Customer,3.0,"OnePlus Nord CE 2 Lite 5G (Blue Tide, 6GB RAM, 128GB Storage)",https://www.amazon.in/OnePlus-Nord-Lite-128GB-Storage/product-reviews/B09WQYFLRX/ref=zg-bs_1389432031_sccl_1/258-9771856-7503532?pd_rd_w=PE2Dg&content-id=amzn1.sym.40a67462-811c-4fe6-92cc-c87371e20166&pf_rd_p=40a67462-811c-4fe6-92cc-c87371e20166&pf_rd_r=29MMWY2N1QW0CYJMS68M&pd_rd_wg=dwjrV&pd_rd_r=e3794eef-1e4b-4234-a0e6-4fbe6f353a59&pd_rd_i=B09WQYFLRX&psc=1&pageNumber=28,0
Just an average phone!,"No wireless charging, too heavy, sluggish OS",2023-02-15,"Size: 6GB RAM, 128GB Storage Colour: Blue Tide",,Yes,Ravi Sharma,3.0,"OnePlus Nord CE 2 Lite 5G (Blue Tide, 6GB RAM, 128GB Storage)",https://www.amazon.in/OnePlus-Nord-Lite-128GB-Storage/product-reviews/B09WQYFLRX/ref=zg-bs_1389432031_sccl_1/258-9771856-7503532?pd_rd_w=PE2Dg&content-id=amzn1.sym.40a67462-811c-4fe6-92cc-c87371e20166&pf_rd_p=40a67462-811c-4fe6-92cc-c87371e20166&pf_rd_r=29MMWY2N1QW0CYJMS68M&pd_rd_wg=dwjrV&pd_rd_r=e3794eef-1e4b-4234-a0e6-4fbe6f353a59&pd_rd_i=B09WQYFLRX&psc=1&pageNumber=29,0
‡§¨‡§π‡•Å‡§§ ‡§¨‡•ù‡§ø‡§Ø‡§æ ‡§Æ‡•ã‡§¨‡§æ‡§á‡§≤ ‡§π‡•à,‡§è‡§ï ‡§¶‡§Æ ‡§™‡•à‡§∏‡§æ ‡§¨‡§∏‡•Ç‡§≤ ‡§Æ‡•ã‡§¨‡§á‡§≤ ‡§π‡•à,2023-02-03,"Size: 6GB RAM, 128GB Storage Colour: Black Dusk",,Yes,Jitendra,5.0,"OnePlus Nord CE 2 Lite 5G (Blue Tide, 6GB RAM, 128GB Storage)",https://www.amazon.in/OnePlus-Nord-Lite-128GB-Storage/product-reviews/B09WQYFLRX/ref=zg-bs_1389432031_sccl_1/258-9771856-7503532?pd_rd_w=PE2Dg&content-id=amzn1.sym.40a67462-811c-4fe6-92cc-c87371e20166&pf_rd_p=40a67462-811c-4fe6-92cc-c87371e20166&pf_rd_r=29MMWY2N1QW0CYJMS68M&pd_rd_wg=dwjrV&pd_rd_r=e3794eef-1e4b-4234-a0e6-4fbe6f353a59&pd_rd_i=B09WQYFLRX&psc=1&pageNumber=29,0
i have faced many time hanging issue,i have faced many time hanging issue,2023-02-04,,,Yes,Vijendra Bijalwan,5.0,"OnePlus Nord CE 2 Lite 5G (Blue Tide, 6GB RAM, 128GB Storage)",https://www.amazon.in/OnePlus-Nord-Lite-128GB-Storage/product-reviews/B09WQYFLRX/ref=zg-bs_1389432031_sccl_1/258-9771856-7503532?pd_rd_w=PE2Dg&content-id=amzn1.sym.40a67462-811c-4fe6-92cc-c87371e20166&pf_rd_p=40a67462-811c-4fe6-92cc-c87371e20166&pf_rd_r=29MMWY2N1QW0CYJMS68M&pd_rd_wg=dwjrV&pd_rd_r=e3794eef-1e4b-4234-a0e6-4fbe6f353a59&pd_rd_i=B09WQYFLRX&psc=1&pageNumber=29,0
camera very good,Handy & battery long lasting,2023-02-03,"Size: 6GB RAM, 128GB Storage Colour: Blue Tide",,Yes,Dr.Ashoka,5.0,"OnePlus Nord CE 2 Lite 5G (Blue Tide, 6GB RAM, 128GB Storage)",https://www.amazon.in/OnePlus-Nord-Lite-128GB-Storage/product-reviews/B09WQYFLRX/ref=zg-bs_1389432031_sccl_1/258-9771856-7503532?pd_rd_w=PE2Dg&content-id=amzn1.sym.40a67462-811c-4fe6-92cc-c87371e20166&pf_rd_p=40a67462-811c-4fe6-92cc-c87371e20166&pf_rd_r=29MMWY2N1QW0CYJMS68M&pd_rd_wg=dwjrV&pd_rd_r=e3794eef-1e4b-4234-a0e6-4fbe6f353a59&pd_rd_i=B09WQYFLRX&psc=1&pageNumber=30,0
Finger sensor not good,Na,2022-12-08,"Size: 6GB RAM, 128GB Storage Colour: Blue Tide",,Yes,Kewal sindholia,4.0,"OnePlus Nord CE 2 Lite 5G (Blue Tide, 6GB RAM, 128GB Storage)",https://www.amazon.in/OnePlus-Nord-Lite-128GB-Storage/product-reviews/B09WQYFLRX/ref=zg-bs_1389432031_sccl_1/258-9771856-7503532?pd_rd_w=PE2Dg&content-id=amzn1.sym.40a67462-811c-4fe6-92cc-c87371e20166&pf_rd_p=40a67462-811c-4fe6-92cc-c87371e20166&pf_rd_r=29MMWY2N1QW0CYJMS68M&pd_rd_wg=dwjrV&pd_rd_r=e3794eef-1e4b-4234-a0e6-4fbe6f353a59&pd_rd_i=B09WQYFLRX&psc=1&pageNumber=35,0
Awsm,Awsm phone,2022-12-07,"Size: 6GB RAM, 128GB Storage Colour: Blue Tide",,Yes,Monika patil,4.0,"OnePlus Nord CE 2 Lite 5G (Blue Tide, 6GB RAM, 128GB Storage)",https://www.amazon.in/OnePlus-Nord-Lite-128GB-Storage/product-reviews/B09WQYFLRX/ref=zg-bs_1389432031_sccl_1/258-9771856-7503532?pd_rd_w=PE2Dg&content-id=amzn1.sym.40a67462-811c-4fe6-92cc-c87371e20166&pf_rd_p=40a67462-811c-4fe6-92cc-c87371e20166&pf_rd_r=29MMWY2N1QW0CYJMS68M&pd_rd_wg=dwjrV&pd_rd_r=e3794eef-1e4b-4234-a0e6-4fbe6f353a59&pd_rd_i=B09WQYFLRX&psc=1&pageNumber=36,0
NYC phone,üíØ,2022-12-04,,,Yes,anjali  kumari,4.0,"OnePlus Nord CE 2 Lite 5G (Blue Tide, 6GB RAM, 128GB Storage)",https://www.amazon.in/OnePlus-Nord-Lite-128GB-Storage/product-reviews/B09WQYFLRX/ref=zg-bs_1389432031_sccl_1/258-9771856-7503532?pd_rd_w=PE2Dg&content-id=amzn1.sym.40a67462-811c-4fe6-92cc-c87371e20166&pf_rd_p=40a67462-811c-4fe6-92cc-c87371e20166&pf_rd_r=29MMWY2N1QW0CYJMS68M&pd_rd_wg=dwjrV&pd_rd_r=e3794eef-1e4b-4234-a0e6-4fbe6f353a59&pd_rd_i=B09WQYFLRX&psc=1&pageNumber=36,0
Good ome,Nothing,2022-12-07,"Size: 6GB RAM, 128GB Storage Colour: Black Dusk",https://m.media-amazon.com/images/I/61EWwyvLclL._SY88.jpg,Yes,jnanesh hosalli,4.0,"OnePlus Nord CE 2 Lite 5G (Blue Tide, 6GB RAM, 128GB Storage)",https://www.amazon.in/OnePlus-Nord-Lite-128GB-Storage/product-reviews/B09WQYFLRX/ref=zg-bs_1389432031_sccl_1/258-9771856-7503532?pd_rd_w=PE2Dg&content-id=amzn1.sym.40a67462-811c-4fe6-92cc-c87371e20166&pf_rd_p=40a67462-811c-4fe6-92cc-c87371e20166&pf_rd_r=29MMWY2N1QW0CYJMS68M&pd_rd_wg=dwjrV&pd_rd_r=e3794eef-1e4b-4234-a0e6-4fbe6f353a59&pd_rd_i=B09WQYFLRX&psc=1&pageNumber=36,0
Naice,Naice,2022-12-12,"Size: 6GB RAM, 128GB Storage Colour: Blue Tide",,Yes,Sk zahir hossain,4.0,"OnePlus Nord CE 2 Lite 5G (Blue Tide, 6GB RAM, 128GB Storage)",https://www.amazon.in/OnePlus-Nord-Lite-128GB-Storage/product-reviews/B09WQYFLRX/ref=zg-bs_1389432031_sccl_1/258-9771856-7503532?pd_rd_w=PE2Dg&content-id=amzn1.sym.40a67462-811c-4fe6-92cc-c87371e20166&pf_rd_p=40a67462-811c-4fe6-92cc-c87371e20166&pf_rd_r=29MMWY2N1QW0CYJMS68M&pd_rd_wg=dwjrV&pd_rd_r=e3794eef-1e4b-4234-a0e6-4fbe6f353a59&pd_rd_i=B09WQYFLRX&psc=1&pageNumber=37,0
Grant camera not working,Frant camera not working,2023-01-30,"Size: 6GB RAM, 128GB Storage Colour: Blue Tide",,Yes,Basant birla,5.0,"OnePlus Nord CE 2 Lite 5G (Blue Tide, 6GB RAM, 128GB Storage)",https://www.amazon.in/OnePlus-Nord-Lite-128GB-Storage/product-reviews/B09WQYFLRX/ref=zg-bs_1389432031_sccl_1/258-9771856-7503532?pd_rd_w=PE2Dg&content-id=amzn1.sym.40a67462-811c-4fe6-92cc-c87371e20166&pf_rd_p=40a67462-811c-4fe6-92cc-c87371e20166&pf_rd_r=29MMWY2N1QW0CYJMS68M&pd_rd_wg=dwjrV&pd_rd_r=e3794eef-1e4b-4234-a0e6-4fbe6f353a59&pd_rd_i=B09WQYFLRX&psc=1&pageNumber=38,0
I got my phone 25Jan 2023 nice camera,Some time touch not faster,2023-01-31,,"https://m.media-amazon.com/images/I/51bon2QbRML._SY88.jpg
https://m.media-amazon.com/images/I/61bW1NgMJ6L._SY88.jpg
https://m.media-amazon.com/images/I/71O6B75qyVL._SY88.jpg",Yes,rakesh kumar,5.0,"OnePlus Nord CE 2 Lite 5G (Blue Tide, 6GB RAM, 128GB Storage)",https://www.amazon.in/OnePlus-Nord-Lite-128GB-Storage/product-reviews/B09WQYFLRX/ref=zg-bs_1389432031_sccl_1/258-9771856-7503532?pd_rd_w=PE2Dg&content-id=amzn1.sym.40a67462-811c-4fe6-92cc-c87371e20166&pf_rd_p=40a67462-811c-4fe6-92cc-c87371e20166&pf_rd_r=29MMWY2N1QW0CYJMS68M&pd_rd_wg=dwjrV&pd_rd_r=e3794eef-1e4b-4234-a0e6-4fbe6f353a59&pd_rd_i=B09WQYFLRX&psc=1&pageNumber=39,0
Works decent,"This pop up got stuck while notifying me...after reboot it has got removed, minor bugs are there still working properly.Sometimes feel screen is not much responsive.",2022-11-24,"Size: 6GB RAM, 128GB Storage Colour: Blue Tide",https://m.media-amazon.com/images/I/611BwF9Qf7L._SY88.jpg,Yes,Aman Singh,4.0,"OnePlus Nord CE 2 Lite 5G (Blue Tide, 6GB RAM, 128GB Storage)",https://www.amazon.in/OnePlus-Nord-Lite-128GB-Storage/product-reviews/B09WQYFLRX/ref=zg-bs_1389432031_sccl_1/258-9771856-7503532?pd_rd_w=PE2Dg&content-id=amzn1.sym.40a67462-811c-4fe6-92cc-c87371e20166&pf_rd_p=40a67462-811c-4fe6-92cc-c87371e20166&pf_rd_r=29MMWY2N1QW0CYJMS68M&pd_rd_wg=dwjrV&pd_rd_r=e3794eef-1e4b-4234-a0e6-4fbe6f353a59&pd_rd_i=B09WQYFLRX&psc=1&pageNumber=40,0
Good One in budget,Nothing,2022-12-04,"Size: 6GB RAM, 128GB Storage Colour: Black Dusk",,Yes,Brijesh Olivera,4.0,"OnePlus Nord CE 2 Lite 5G (Blue Tide, 6GB RAM, 128GB Storage)",https://www.amazon.in/OnePlus-Nord-Lite-128GB-Storage/product-reviews/B09WQYFLRX/ref=zg-bs_1389432031_sccl_1/258-9771856-7503532?pd_rd_w=PE2Dg&content-id=amzn1.sym.40a67462-811c-4fe6-92cc-c87371e20166&pf_rd_p=40a67462-811c-4fe6-92cc-c87371e20166&pf_rd_r=29MMWY2N1QW0CYJMS68M&pd_rd_wg=dwjrV&pd_rd_r=e3794eef-1e4b-4234-a0e6-4fbe6f353a59&pd_rd_i=B09WQYFLRX&psc=1&pageNumber=40,0
‚ù§Ô∏è,‚ù§Ô∏è‚ù§Ô∏è‚ù§Ô∏è‚ù§Ô∏è‚ù§Ô∏è,2022-12-02,"Size: 6GB RAM, 128GB Storage Colour: Black Dusk",,Yes,Showkat,4.0,"OnePlus Nord CE 2 Lite 5G (Blue Tide, 6GB RAM, 128GB Storage)",https://www.amazon.in/OnePlus-Nord-Lite-128GB-Storage/product-reviews/B09WQYFLRX/ref=zg-bs_1389432031_sccl_1/258-9771856-7503532?pd_rd_w=PE2Dg&content-id=amzn1.sym.40a67462-811c-4fe6-92cc-c87371e20166&pf_rd_p=40a67462-811c-4fe6-92cc-c87371e20166&pf_rd_r=29MMWY2N1QW0CYJMS68M&pd_rd_wg=dwjrV&pd_rd_r=e3794eef-1e4b-4234-a0e6-4fbe6f353a59&pd_rd_i=B09WQYFLRX&psc=1&pageNumber=42,0
Completely awesome,Power pack mobile,2023-01-30,"Size: 6GB RAM, 128GB Storage Colour: Blue Tide",,Yes,Md shahid equebal,5.0,"OnePlus Nord CE 2 Lite 5G (Blue Tide, 6GB RAM, 128GB Storage)",https://www.amazon.in/OnePlus-Nord-Lite-128GB-Storage/product-reviews/B09WQYFLRX/ref=zg-bs_1389432031_sccl_1/258-9771856-7503532?pd_rd_w=PE2Dg&content-id=amzn1.sym.40a67462-811c-4fe6-92cc-c87371e20166&pf_rd_p=40a67462-811c-4fe6-92cc-c87371e20166&pf_rd_r=29MMWY2N1QW0CYJMS68M&pd_rd_wg=dwjrV&pd_rd_r=e3794eef-1e4b-4234-a0e6-4fbe6f353a59&pd_rd_i=B09WQYFLRX&psc=1&pageNumber=42,0
Ishmay autocallrecoding nahi hai,Napasand,2023-02-01,"Size: 6GB RAM, 128GB Storage Colour: Blue Tide",,Yes,prabhas kumar ranjan,5.0,"OnePlus Nord CE 2 Lite 5G (Blue Tide, 6GB RAM, 128GB Storage)",https://www.amazon.in/OnePlus-Nord-Lite-128GB-Storage/product-reviews/B09WQYFLRX/ref=zg-bs_1389432031_sccl_1/258-9771856-7503532?pd_rd_w=PE2Dg&content-id=amzn1.sym.40a67462-811c-4fe6-92cc-c87371e20166&pf_rd_p=40a67462-811c-4fe6-92cc-c87371e20166&pf_rd_r=29MMWY2N1QW0CYJMS68M&pd_rd_wg=dwjrV&pd_rd_r=e3794eef-1e4b-4234-a0e6-4fbe6f353a59&pd_rd_i=B09WQYFLRX&psc=1&pageNumber=42,0
Good,Nas,2023-01-31,"Size: 6GB RAM, 128GB Storage Colour: Blue Tide",,Yes,Prabina pradhan,5.0,"OnePlus Nord CE 2 Lite 5G (Blue Tide, 6GB RAM, 128GB Storage)",https://www.amazon.in/OnePlus-Nord-Lite-128GB-Storage/product-reviews/B09WQYFLRX/ref=zg-bs_1389432031_sccl_1/258-9771856-7503532?pd_rd_w=PE2Dg&content-id=amzn1.sym.40a67462-811c-4fe6-92cc-c87371e20166&pf_rd_p=40a67462-811c-4fe6-92cc-c87371e20166&pf_rd_r=29MMWY2N1QW0CYJMS68M&pd_rd_wg=dwjrV&pd_rd_r=e3794eef-1e4b-4234-a0e6-4fbe6f353a59&pd_rd_i=B09WQYFLRX&psc=1&pageNumber=42,0
Nice luck,Vnice,2023-02-02,"Size: 6GB RAM, 128GB Storage Colour: Blue Tide",,Yes,Pandey P.,5.0,"OnePlus Nord CE 2 Lite 5G (Blue Tide, 6GB RAM, 128GB Storage)",https://www.amazon.in/OnePlus-Nord-Lite-128GB-Storage/product-reviews/B09WQYFLRX/ref=zg-bs_1389432031_sccl_1/258-9771856-7503532?pd_rd_w=PE2Dg&content-id=amzn1.sym.40a67462-811c-4fe6-92cc-c87371e20166&pf_rd_p=40a67462-811c-4fe6-92cc-c87371e20166&pf_rd_r=29MMWY2N1QW0CYJMS68M&pd_rd_wg=dwjrV&pd_rd_r=e3794eef-1e4b-4234-a0e6-4fbe6f353a59&pd_rd_i=B09WQYFLRX&psc=1&pageNumber=43,0
Ok,‡§ó‡§ú‡§æ‡§®‡§®,2023-01-30,"Size: 6GB RAM, 128GB Storage Colour: Black Dusk",,Yes,Amazon Customer,5.0,"OnePlus Nord CE 2 Lite 5G (Blue Tide, 6GB RAM, 128GB Storage)",https://www.amazon.in/OnePlus-Nord-Lite-128GB-Storage/product-reviews/B09WQYFLRX/ref=zg-bs_1389432031_sccl_1/258-9771856-7503532?pd_rd_w=PE2Dg&content-id=amzn1.sym.40a67462-811c-4fe6-92cc-c87371e20166&pf_rd_p=40a67462-811c-4fe6-92cc-c87371e20166&pf_rd_r=29MMWY2N1QW0CYJMS68M&pd_rd_wg=dwjrV&pd_rd_r=e3794eef-1e4b-4234-a0e6-4fbe6f353a59&pd_rd_i=B09WQYFLRX&psc=1&pageNumber=45,0
best üëç,Gjb Bro üéàüíê,2023-01-27,"Size: 6GB RAM, 128GB Storage Colour: Blue Tide",https://m.media-amazon.com/images/I/81nE3iekxRL._SY88.jpg,Yes,Shakun Gujjar,5.0,"OnePlus Nord CE 2 Lite 5G (Blue Tide, 6GB RAM, 128GB Storage)",https://www.amazon.in/OnePlus-Nord-Lite-128GB-Storage/product-reviews/B09WQYFLRX/ref=zg-bs_1389432031_sccl_1/258-9771856-7503532?pd_rd_w=PE2Dg&content-id=amzn1.sym.40a67462-811c-4fe6-92cc-c87371e20166&pf_rd_p=40a67462-811c-4fe6-92cc-c87371e20166&pf_rd_r=29MMWY2N1QW0CYJMS68M&pd_rd_wg=dwjrV&pd_rd_r=e3794eef-1e4b-4234-a0e6-4fbe6f353a59&pd_rd_i=B09WQYFLRX&psc=1&pageNumber=45,0
BEST PHONE UNDER 20000/-,PERFOMANCE BATTER THAN OTHER PHONE UNDER 20000/-,2023-01-19,"Size: 6GB RAM, 128GB Storage Colour: Black Dusk",,Yes,Ritik jaiswal,5.0,"OnePlus Nord CE 2 Lite 5G (Blue Tide, 6GB RAM, 128GB Storage)",https://www.amazon.in/OnePlus-Nord-Lite-128GB-Storage/product-reviews/B09WQYFLRX/ref=zg-bs_1389432031_sccl_1/258-9771856-7503532?pd_rd_w=PE2Dg&content-id=amzn1.sym.40a67462-811c-4fe6-92cc-c87371e20166&pf_rd_p=40a67462-811c-4fe6-92cc-c87371e20166&pf_rd_r=29MMWY2N1QW0CYJMS68M&pd_rd_wg=dwjrV&pd_rd_r=e3794eef-1e4b-4234-a0e6-4fbe6f353a59&pd_rd_i=B09WQYFLRX&psc=1&pageNumber=48,0
Nice,Average,2023-01-24,"Size: 6GB RAM, 128GB Storage Colour: Blue Tide",,Yes,Manjunath N,3.0,"OnePlus Nord CE 2 Lite 5G (Blue Tide, 6GB RAM, 128GB Storage)",https://www.amazon.in/OnePlus-Nord-Lite-128GB-Storage/product-reviews/B09WQYFLRX/ref=zg-bs_1389432031_sccl_1/258-9771856-7503532?pd_rd_w=PE2Dg&content-id=amzn1.sym.40a67462-811c-4fe6-92cc-c87371e20166&pf_rd_p=40a67462-811c-4fe6-92cc-c87371e20166&pf_rd_r=29MMWY2N1QW0CYJMS68M&pd_rd_wg=dwjrV&pd_rd_r=e3794eef-1e4b-4234-a0e6-4fbe6f353a59&pd_rd_i=B09WQYFLRX&psc=1&pageNumber=48,0
Very nice,"‡§´‡•ã‡§® ‡§°‡§ø‡§≤‡•Ä‡§µ‡§∞‡•Ä ‡§ï‡•á ‡§∏‡§Æ‡§Ø amazon ka courier boy ‡§´‡•ã‡§® ‡§¶‡•á‡§®‡•á ‡§ï‡•á ‡§∏‡§Æ‡§Ø 500/‚Äì ‡§∞‡•Å‡§™‡§Ø‡§æ ‡§≤‡§ø‡§Ø‡§æ, ‡§ï‡•ç‡§Ø‡•ã ‡§ï‡•Ä ‡§Æ‡•á‡§∞‡§æ ‡§™‡•Å‡§∞‡§æ‡§®‡§æ ‡§´‡•ã‡§® exchange ‡§Æ‡•á ‡§•‡§æ, courier boy bolta hai ‡§ï‡•Ä ‡§Ü‡§™‡§ï‡•ã ‡§á‡§§‡§®‡§æ ‡§è‡§ï‡•ç‡§∏‡•ç‡§ü‡•ç‡§∞‡§æ ‡§™‡•á ‡§ï‡§∞‡§®‡§æ ‡§™‡§°‡§º‡•á‡§ó‡§æ‡•§ ‡§§‡§≠‡•Ä ‡§Æ‡•à‡§Ç ‡§®‡•ç‡§Ø‡•Ç ‡§ï‡•ã‡§∞‡§ø‡§Ø‡§∞ ‡§°‡§ø‡§≤‡•Ä‡§µ‡§∞‡•Ä ‡§¶‡•Ç‡§Ç‡§ó‡§æ",2023-01-01,"Size: 6GB RAM, 128GB Storage Colour: Blue Tide",,Yes,HARIOM SAH,5.0,"OnePlus Nord CE 2 Lite 5G (Blue Tide, 6GB RAM, 128GB Storage)",https://www.amazon.in/OnePlus-Nord-Lite-128GB-Storage/product-reviews/B09WQYFLRX/ref=zg-bs_1389432031_sccl_1/258-9771856-7503532?pd_rd_w=PE2Dg&content-id=amzn1.sym.40a67462-811c-4fe6-92cc-c87371e20166&pf_rd_p=40a67462-811c-4fe6-92cc-c87371e20166&pf_rd_r=29MMWY2N1QW0CYJMS68M&pd_rd_wg=dwjrV&pd_rd_r=e3794eef-1e4b-4234-a0e6-4fbe6f353a59&pd_rd_i=B09WQYFLRX&psc=1&pageNumber=50,0
Overall a good product,Using it since 4_5 days and I must say that it does not hang Camera is okayish,2022-11-19,"Size: 6GB RAM, 128GB Storage Colour: Blue Tide",,Yes,Kri,4.0,"OnePlus Nord CE 2 Lite 5G (Blue Tide, 6GB RAM, 128GB Storage)",https://www.amazon.in/OnePlus-Nord-Lite-128GB-Storage/product-reviews/B09WQYFLRX/ref=zg-bs_1389432031_sccl_1/258-9771856-7503532?pd_rd_w=PE2Dg&content-id=amzn1.sym.40a67462-811c-4fe6-92cc-c87371e20166&pf_rd_p=40a67462-811c-4fe6-92cc-c87371e20166&pf_rd_r=29MMWY2N1QW0CYJMS68M&pd_rd_wg=dwjrV&pd_rd_r=e3794eef-1e4b-4234-a0e6-4fbe6f353a59&pd_rd_i=B09WQYFLRX&psc=1&pageNumber=52,0
Camera not good,The media could not be loaded.,2022-12-02,"Size: 6GB RAM, 128GB Storage Colour: Blue Tide",,Yes,Saddam mullick,4.0,"OnePlus Nord CE 2 Lite 5G (Blue Tide, 6GB RAM, 128GB Storage)",https://www.amazon.in/OnePlus-Nord-Lite-128GB-Storage/product-reviews/B09WQYFLRX/ref=zg-bs_1389432031_sccl_1/258-9771856-7503532?pd_rd_w=PE2Dg&content-id=amzn1.sym.40a67462-811c-4fe6-92cc-c87371e20166&pf_rd_p=40a67462-811c-4fe6-92cc-c87371e20166&pf_rd_r=29MMWY2N1QW0CYJMS68M&pd_rd_wg=dwjrV&pd_rd_r=e3794eef-1e4b-4234-a0e6-4fbe6f353a59&pd_rd_i=B09WQYFLRX&psc=1&pageNumber=52,0
Overall good,Camera,2022-11-25,"Size: 6GB RAM, 128GB Storage Colour: Blue Tide",,Yes,Placeholder,4.0,"OnePlus Nord CE 2 Lite 5G (Blue Tide, 6GB RAM, 128GB Storage)",https://www.amazon.in/OnePlus-Nord-Lite-128GB-Storage/product-reviews/B09WQYFLRX/ref=zg-bs_1389432031_sccl_1/258-9771856-7503532?pd_rd_w=PE2Dg&content-id=amzn1.sym.40a67462-811c-4fe6-92cc-c87371e20166&pf_rd_p=40a67462-811c-4fe6-92cc-c87371e20166&pf_rd_r=29MMWY2N1QW0CYJMS68M&pd_rd_wg=dwjrV&pd_rd_r=e3794eef-1e4b-4234-a0e6-4fbe6f353a59&pd_rd_i=B09WQYFLRX&psc=1&pageNumber=54,0
‡§ï‡•Å‡§õ ‡§¶‡§ø‡§® ‡§ö‡§≤‡§æ‡§®‡•á ‡§ï‡•á ‡§¨‡§æ‡§¶ ‡§π‡•Ä ‡§™‡§§‡§æ ‡§ö‡§≤‡•á‡§ó‡§æ,‡§†‡•Ä‡§ï ‡§π‡•à‡•§,2022-11-27,,,Yes,Pawesh kumar,4.0,"OnePlus Nord CE 2 Lite 5G (Blue Tide, 6GB RAM, 128GB Storage)",https://www.amazon.in/OnePlus-Nord-Lite-128GB-Storage/product-reviews/B09WQYFLRX/ref=zg-bs_1389432031_sccl_1/258-9771856-7503532?pd_rd_w=PE2Dg&content-id=amzn1.sym.40a67462-811c-4fe6-92cc-c87371e20166&pf_rd_p=40a67462-811c-4fe6-92cc-c87371e20166&pf_rd_r=29MMWY2N1QW0CYJMS68M&pd_rd_wg=dwjrV&pd_rd_r=e3794eef-1e4b-4234-a0e6-4fbe6f353a59&pd_rd_i=B09WQYFLRX&psc=1&pageNumber=55,0
Theek thak hai,Theek thak hai,2022-11-23,,,Yes,Rashid khan,4.0,"OnePlus Nord CE 2 Lite 5G (Blue Tide, 6GB RAM, 128GB Storage)",https://www.amazon.in/OnePlus-Nord-Lite-128GB-Storage/product-reviews/B09WQYFLRX/ref=zg-bs_1389432031_sccl_1/258-9771856-7503532?pd_rd_w=PE2Dg&content-id=amzn1.sym.40a67462-811c-4fe6-92cc-c87371e20166&pf_rd_p=40a67462-811c-4fe6-92cc-c87371e20166&pf_rd_r=29MMWY2N1QW0CYJMS68M&pd_rd_wg=dwjrV&pd_rd_r=e3794eef-1e4b-4234-a0e6-4fbe6f353a59&pd_rd_i=B09WQYFLRX&psc=1&pageNumber=55,0
Nice budget phone,One plus budget phone,2022-11-24,,,Yes,Hitesh,4.0,"OnePlus Nord CE 2 Lite 5G (Blue Tide, 6GB RAM, 128GB Storage)",https://www.amazon.in/OnePlus-Nord-Lite-128GB-Storage/product-reviews/B09WQYFLRX/ref=zg-bs_1389432031_sccl_1/258-9771856-7503532?pd_rd_w=PE2Dg&content-id=amzn1.sym.40a67462-811c-4fe6-92cc-c87371e20166&pf_rd_p=40a67462-811c-4fe6-92cc-c87371e20166&pf_rd_r=29MMWY2N1QW0CYJMS68M&pd_rd_wg=dwjrV&pd_rd_r=e3794eef-1e4b-4234-a0e6-4fbe6f353a59&pd_rd_i=B09WQYFLRX&psc=1&pageNumber=55,0
Good,Buy it,2023-01-22,"Size: 6GB RAM, 128GB Storage Colour: Black Dusk",,Yes,Zareena,5.0,"OnePlus Nord CE 2 Lite 5G (Blue Tide, 6GB RAM, 128GB Storage)",https://www.amazon.in/OnePlus-Nord-Lite-128GB-Storage/product-reviews/B09WQYFLRX/ref=zg-bs_1389432031_sccl_1/258-9771856-7503532?pd_rd_w=PE2Dg&content-id=amzn1.sym.40a67462-811c-4fe6-92cc-c87371e20166&pf_rd_p=40a67462-811c-4fe6-92cc-c87371e20166&pf_rd_r=29MMWY2N1QW0CYJMS68M&pd_rd_wg=dwjrV&pd_rd_r=e3794eef-1e4b-4234-a0e6-4fbe6f353a59&pd_rd_i=B09WQYFLRX&psc=1&pageNumber=56,0
It's overall it is super‚ò∫Ô∏è,‚ò∫Ô∏è‚ò∫Ô∏è‚ò∫Ô∏è‚ò∫Ô∏è,2022-11-22,"Size: 6GB RAM, 128GB Storage Colour: Blue Tide",,Yes,Ramaswamy,4.0,"OnePlus Nord CE 2 Lite 5G (Blue Tide, 6GB RAM, 128GB Storage)",https://www.amazon.in/OnePlus-Nord-Lite-128GB-Storage/product-reviews/B09WQYFLRX/ref=zg-bs_1389432031_sccl_1/258-9771856-7503532?pd_rd_w=PE2Dg&content-id=amzn1.sym.40a67462-811c-4fe6-92cc-c87371e20166&pf_rd_p=40a67462-811c-4fe6-92cc-c87371e20166&pf_rd_r=29MMWY2N1QW0CYJMS68M&pd_rd_wg=dwjrV&pd_rd_r=e3794eef-1e4b-4234-a0e6-4fbe6f353a59&pd_rd_i=B09WQYFLRX&psc=1&pageNumber=57,0
Average phone,"Average phone, fingerprint sensor is not up to the mark..",2022-11-25,,,Yes,Aditya Kumar Verma,4.0,"OnePlus Nord CE 2 Lite 5G (Blue Tide, 6GB RAM, 128GB Storage)",https://www.amazon.in/OnePlus-Nord-Lite-128GB-Storage/product-reviews/B09WQYFLRX/ref=zg-bs_1389432031_sccl_1/258-9771856-7503532?pd_rd_w=PE2Dg&content-id=amzn1.sym.40a67462-811c-4fe6-92cc-c87371e20166&pf_rd_p=40a67462-811c-4fe6-92cc-c87371e20166&pf_rd_r=29MMWY2N1QW0CYJMS68M&pd_rd_wg=dwjrV&pd_rd_r=e3794eef-1e4b-4234-a0e6-4fbe6f353a59&pd_rd_i=B09WQYFLRX&psc=1&pageNumber=58,0
Nice,Front camera not up to the mark .,2023-01-15,"Size: 6GB RAM, 128GB Storage Colour: Blue Tide",,Yes,Devender Tewatia,5.0,"OnePlus Nord CE 2 Lite 5G (Blue Tide, 6GB RAM, 128GB Storage)",https://www.amazon.in/OnePlus-Nord-Lite-128GB-Storage/product-reviews/B09WQYFLRX/ref=zg-bs_1389432031_sccl_1/258-9771856-7503532?pd_rd_w=PE2Dg&content-id=amzn1.sym.40a67462-811c-4fe6-92cc-c87371e20166&pf_rd_p=40a67462-811c-4fe6-92cc-c87371e20166&pf_rd_r=29MMWY2N1QW0CYJMS68M&pd_rd_wg=dwjrV&pd_rd_r=e3794eef-1e4b-4234-a0e6-4fbe6f353a59&pd_rd_i=B09WQYFLRX&psc=1&pageNumber=58,0
Awesome Phone,Must buy,2023-01-23,"Size: 6GB RAM, 128GB Storage Colour: Blue Tide",,Yes,pradeep reddy,5.0,"OnePlus Nord CE 2 Lite 5G (Blue Tide, 6GB RAM, 128GB Storage)",https://www.amazon.in/OnePlus-Nord-Lite-128GB-Storage/product-reviews/B09WQYFLRX/ref=zg-bs_1389432031_sccl_1/258-9771856-7503532?pd_rd_w=PE2Dg&content-id=amzn1.sym.40a67462-811c-4fe6-92cc-c87371e20166&pf_rd_p=40a67462-811c-4fe6-92cc-c87371e20166&pf_rd_r=29MMWY2N1QW0CYJMS68M&pd_rd_wg=dwjrV&pd_rd_r=e3794eef-1e4b-4234-a0e6-4fbe6f353a59&pd_rd_i=B09WQYFLRX&psc=1&pageNumber=58,0
Bast phone,Vest phone,2023-01-16,"Size: 6GB RAM, 128GB Storage Colour: Black Dusk",,Yes,Ankit Kumar Rajput,3.0,"OnePlus Nord CE 2 Lite 5G (Blue Tide, 6GB RAM, 128GB Storage)",https://www.amazon.in/OnePlus-Nord-Lite-128GB-Storage/product-reviews/B09WQYFLRX/ref=zg-bs_1389432031_sccl_1/258-9771856-7503532?pd_rd_w=PE2Dg&content-id=amzn1.sym.40a67462-811c-4fe6-92cc-c87371e20166&pf_rd_p=40a67462-811c-4fe6-92cc-c87371e20166&pf_rd_r=29MMWY2N1QW0CYJMS68M&pd_rd_wg=dwjrV&pd_rd_r=e3794eef-1e4b-4234-a0e6-4fbe6f353a59&pd_rd_i=B09WQYFLRX&psc=1&pageNumber=59,0
Budget affordable,Quality,2022-11-20,"Size: 6GB RAM, 128GB Storage Colour: Blue Tide",,Yes,Maheen syeda,4.0,"OnePlus Nord CE 2 Lite 5G (Blue Tide, 6GB RAM, 128GB Storage)",https://www.amazon.in/OnePlus-Nord-Lite-128GB-Storage/product-reviews/B09WQYFLRX/ref=zg-bs_1389432031_sccl_1/258-9771856-7503532?pd_rd_w=PE2Dg&content-id=amzn1.sym.40a67462-811c-4fe6-92cc-c87371e20166&pf_rd_p=40a67462-811c-4fe6-92cc-c87371e20166&pf_rd_r=29MMWY2N1QW0CYJMS68M&pd_rd_wg=dwjrV&pd_rd_r=e3794eef-1e4b-4234-a0e6-4fbe6f353a59&pd_rd_i=B09WQYFLRX&psc=1&pageNumber=60,0
I am happy,25din ho gye ... Bdhiya hai abhi tk to.... Battery 2din me charge krni pdti hai... Camera mujhe bht achha lga... Touch b achha h,2022-11-06,"Size: 6GB RAM, 128GB Storage Colour: Blue Tide","https://m.media-amazon.com/images/I/71zdzqCx90L._SY88.jpg
https://m.media-amazon.com/images/I/81un6ND1GCL._SY88.jpg",Yes,Khushi singh,4.0,"OnePlus Nord CE 2 Lite 5G (Blue Tide, 6GB RAM, 128GB Storage)",https://www.amazon.in/OnePlus-Nord-Lite-128GB-Storage/product-reviews/B09WQYFLRX/ref=zg-bs_1389432031_sccl_1/258-9771856-7503532?pd_rd_w=PE2Dg&content-id=amzn1.sym.40a67462-811c-4fe6-92cc-c87371e20166&pf_rd_p=40a67462-811c-4fe6-92cc-c87371e20166&pf_rd_r=29MMWY2N1QW0CYJMS68M&pd_rd_wg=dwjrV&pd_rd_r=e3794eef-1e4b-4234-a0e6-4fbe6f353a59&pd_rd_i=B09WQYFLRX&psc=1&pageNumber=61,0
Front camera not gud,The media could not be loaded. Improve front camera and battery üîã,2022-11-27,"Size: 6GB RAM, 128GB Storage Colour: Blue Tide",,Yes,mohd galib,4.0,"OnePlus Nord CE 2 Lite 5G (Blue Tide, 6GB RAM, 128GB Storage)",https://www.amazon.in/OnePlus-Nord-Lite-128GB-Storage/product-reviews/B09WQYFLRX/ref=zg-bs_1389432031_sccl_1/258-9771856-7503532?pd_rd_w=PE2Dg&content-id=amzn1.sym.40a67462-811c-4fe6-92cc-c87371e20166&pf_rd_p=40a67462-811c-4fe6-92cc-c87371e20166&pf_rd_r=29MMWY2N1QW0CYJMS68M&pd_rd_wg=dwjrV&pd_rd_r=e3794eef-1e4b-4234-a0e6-4fbe6f353a59&pd_rd_i=B09WQYFLRX&psc=1&pageNumber=62,0
Mind-blowing,Exallent camera.battry . smooth..,2023-01-14,"Size: 6GB RAM, 128GB Storage Colour: Blue Tide",,Yes,Raja ghorpade,5.0,"OnePlus Nord CE 2 Lite 5G (Blue Tide, 6GB RAM, 128GB Storage)",https://www.amazon.in/OnePlus-Nord-Lite-128GB-Storage/product-reviews/B09WQYFLRX/ref=zg-bs_1389432031_sccl_1/258-9771856-7503532?pd_rd_w=PE2Dg&content-id=amzn1.sym.40a67462-811c-4fe6-92cc-c87371e20166&pf_rd_p=40a67462-811c-4fe6-92cc-c87371e20166&pf_rd_r=29MMWY2N1QW0CYJMS68M&pd_rd_wg=dwjrV&pd_rd_r=e3794eef-1e4b-4234-a0e6-4fbe6f353a59&pd_rd_i=B09WQYFLRX&psc=1&pageNumber=63,0
Good pintu ko maza aa gaya,Pintu ko acha laga y mobile,2023-01-17,"Size: 6GB RAM, 128GB Storage Colour: Blue Tide",,Yes,Amazon Customer,5.0,"OnePlus Nord CE 2 Lite 5G (Blue Tide, 6GB RAM, 128GB Storage)",https://www.amazon.in/OnePlus-Nord-Lite-128GB-Storage/product-reviews/B09WQYFLRX/ref=zg-bs_1389432031_sccl_1/258-9771856-7503532?pd_rd_w=PE2Dg&content-id=amzn1.sym.40a67462-811c-4fe6-92cc-c87371e20166&pf_rd_p=40a67462-811c-4fe6-92cc-c87371e20166&pf_rd_r=29MMWY2N1QW0CYJMS68M&pd_rd_wg=dwjrV&pd_rd_r=e3794eef-1e4b-4234-a0e6-4fbe6f353a59&pd_rd_i=B09WQYFLRX&psc=1&pageNumber=64,0
Everything is fine but Battery üîã life is not good.,Finger print ossum battery life not going camera average,2022-11-11,"Size: 6GB RAM, 128GB Storage Colour: Blue Tide",,Yes,Pravin Gulab Patil,4.0,"OnePlus Nord CE 2 Lite 5G (Blue Tide, 6GB RAM, 128GB Storage)",https://www.amazon.in/OnePlus-Nord-Lite-128GB-Storage/product-reviews/B09WQYFLRX/ref=zg-bs_1389432031_sccl_1/258-9771856-7503532?pd_rd_w=PE2Dg&content-id=amzn1.sym.40a67462-811c-4fe6-92cc-c87371e20166&pf_rd_p=40a67462-811c-4fe6-92cc-c87371e20166&pf_rd_r=29MMWY2N1QW0CYJMS68M&pd_rd_wg=dwjrV&pd_rd_r=e3794eef-1e4b-4234-a0e6-4fbe6f353a59&pd_rd_i=B09WQYFLRX&psc=1&pageNumber=65,0
Nice,Godd one,2023-01-20,"Size: 6GB RAM, 128GB Storage Colour: Blue Tide",,Yes,Manish Kumar,5.0,"OnePlus Nord CE 2 Lite 5G (Blue Tide, 6GB RAM, 128GB Storage)",https://www.amazon.in/OnePlus-Nord-Lite-128GB-Storage/product-reviews/B09WQYFLRX/ref=zg-bs_1389432031_sccl_1/258-9771856-7503532?pd_rd_w=PE2Dg&content-id=amzn1.sym.40a67462-811c-4fe6-92cc-c87371e20166&pf_rd_p=40a67462-811c-4fe6-92cc-c87371e20166&pf_rd_r=29MMWY2N1QW0CYJMS68M&pd_rd_wg=dwjrV&pd_rd_r=e3794eef-1e4b-4234-a0e6-4fbe6f353a59&pd_rd_i=B09WQYFLRX&psc=1&pageNumber=66,0
Osm,Osm but futures less,2022-11-15,,,Yes,Harish patil,4.0,"OnePlus Nord CE 2 Lite 5G (Blue Tide, 6GB RAM, 128GB Storage)",https://www.amazon.in/OnePlus-Nord-Lite-128GB-Storage/product-reviews/B09WQYFLRX/ref=zg-bs_1389432031_sccl_1/258-9771856-7503532?pd_rd_w=PE2Dg&content-id=amzn1.sym.40a67462-811c-4fe6-92cc-c87371e20166&pf_rd_p=40a67462-811c-4fe6-92cc-c87371e20166&pf_rd_r=29MMWY2N1QW0CYJMS68M&pd_rd_wg=dwjrV&pd_rd_r=e3794eef-1e4b-4234-a0e6-4fbe6f353a59&pd_rd_i=B09WQYFLRX&psc=1&pageNumber=66,0
Nice,Everything,2023-01-18,,,Yes,Nitika Yadav,5.0,"OnePlus Nord CE 2 Lite 5G (Blue Tide, 6GB RAM, 128GB Storage)",https://www.amazon.in/OnePlus-Nord-Lite-128GB-Storage/product-reviews/B09WQYFLRX/ref=zg-bs_1389432031_sccl_1/258-9771856-7503532?pd_rd_w=PE2Dg&content-id=amzn1.sym.40a67462-811c-4fe6-92cc-c87371e20166&pf_rd_p=40a67462-811c-4fe6-92cc-c87371e20166&pf_rd_r=29MMWY2N1QW0CYJMS68M&pd_rd_wg=dwjrV&pd_rd_r=e3794eef-1e4b-4234-a0e6-4fbe6f353a59&pd_rd_i=B09WQYFLRX&psc=1&pageNumber=66,0
Nice phone,‡Æï‡ØÅ‡Æ±‡Øà‡Æ®‡Øç‡Æ§ ‡Æµ‡Æø‡Æ≤‡Øà ‡Æ§‡Æ∞‡ÆÆ‡Ææ‡Æ© ‡Æ™‡Øã‡Æ©‡Øç,2022-11-18,"Size: 6GB RAM, 128GB Storage Colour: Black Dusk",,Yes,Thiyakarajan B,4.0,"OnePlus Nord CE 2 Lite 5G (Blue Tide, 6GB RAM, 128GB Storage)",https://www.amazon.in/OnePlus-Nord-Lite-128GB-Storage/product-reviews/B09WQYFLRX/ref=zg-bs_1389432031_sccl_1/258-9771856-7503532?pd_rd_w=PE2Dg&content-id=amzn1.sym.40a67462-811c-4fe6-92cc-c87371e20166&pf_rd_p=40a67462-811c-4fe6-92cc-c87371e20166&pf_rd_r=29MMWY2N1QW0CYJMS68M&pd_rd_wg=dwjrV&pd_rd_r=e3794eef-1e4b-4234-a0e6-4fbe6f353a59&pd_rd_i=B09WQYFLRX&psc=1&pageNumber=66,0
Invoice not available,Invoice not download,2023-01-06,"Size: 6GB RAM, 128GB Storage Colour: Black Dusk",,Yes,dhiraj kumar,3.0,"OnePlus Nord CE 2 Lite 5G (Blue Tide, 6GB RAM, 128GB Storage)",https://www.amazon.in/OnePlus-Nord-Lite-128GB-Storage/product-reviews/B09WQYFLRX/ref=zg-bs_1389432031_sccl_1/258-9771856-7503532?pd_rd_w=PE2Dg&content-id=amzn1.sym.40a67462-811c-4fe6-92cc-c87371e20166&pf_rd_p=40a67462-811c-4fe6-92cc-c87371e20166&pf_rd_r=29MMWY2N1QW0CYJMS68M&pd_rd_wg=dwjrV&pd_rd_r=e3794eef-1e4b-4234-a0e6-4fbe6f353a59&pd_rd_i=B09WQYFLRX&psc=1&pageNumber=68,0
Good Device,No one can beat One plus üòÅ,2023-01-12,"Size: 6GB RAM, 128GB Storage Colour: Black Dusk",,Yes,TorreTO üòâüòå,5.0,"OnePlus Nord CE 2 Lite 5G (Blue Tide, 6GB RAM, 128GB Storage)",https://www.amazon.in/OnePlus-Nord-Lite-128GB-Storage/product-reviews/B09WQYFLRX/ref=zg-bs_1389432031_sccl_1/258-9771856-7503532?pd_rd_w=PE2Dg&content-id=amzn1.sym.40a67462-811c-4fe6-92cc-c87371e20166&pf_rd_p=40a67462-811c-4fe6-92cc-c87371e20166&pf_rd_r=29MMWY2N1QW0CYJMS68M&pd_rd_wg=dwjrV&pd_rd_r=e3794eef-1e4b-4234-a0e6-4fbe6f353a59&pd_rd_i=B09WQYFLRX&psc=1&pageNumber=69,0
.,"Camera, battery all are goos",2023-01-11,"Size: 6GB RAM, 128GB Storage Colour: Blue Tide",,Yes,OMKUMAR,5.0,"OnePlus Nord CE 2 Lite 5G (Blue Tide, 6GB RAM, 128GB Storage)",https://www.amazon.in/OnePlus-Nord-Lite-128GB-Storage/product-reviews/B09WQYFLRX/ref=zg-bs_1389432031_sccl_1/258-9771856-7503532?pd_rd_w=PE2Dg&content-id=amzn1.sym.40a67462-811c-4fe6-92cc-c87371e20166&pf_rd_p=40a67462-811c-4fe6-92cc-c87371e20166&pf_rd_r=29MMWY2N1QW0CYJMS68M&pd_rd_wg=dwjrV&pd_rd_r=e3794eef-1e4b-4234-a0e6-4fbe6f353a59&pd_rd_i=B09WQYFLRX&psc=1&pageNumber=69,0
Good,Osm phone,2023-01-13,"Size: 6GB RAM, 128GB Storage Colour: Black Dusk",https://m.media-amazon.com/images/I/71+iIfH30UL._SY88.jpg,Yes,Shani chaudhary,5.0,"OnePlus Nord CE 2 Lite 5G (Blue Tide, 6GB RAM, 128GB Storage)",https://www.amazon.in/OnePlus-Nord-Lite-128GB-Storage/product-reviews/B09WQYFLRX/ref=zg-bs_1389432031_sccl_1/258-9771856-7503532?pd_rd_w=PE2Dg&content-id=amzn1.sym.40a67462-811c-4fe6-92cc-c87371e20166&pf_rd_p=40a67462-811c-4fe6-92cc-c87371e20166&pf_rd_r=29MMWY2N1QW0CYJMS68M&pd_rd_wg=dwjrV&pd_rd_r=e3794eef-1e4b-4234-a0e6-4fbe6f353a59&pd_rd_i=B09WQYFLRX&psc=1&pageNumber=71,0
Very good phone,Delivery so late,2023-01-14,"Size: 6GB RAM, 128GB Storage Colour: Blue Tide",,Yes,Shilpa rautela,5.0,"OnePlus Nord CE 2 Lite 5G (Blue Tide, 6GB RAM, 128GB Storage)",https://www.amazon.in/OnePlus-Nord-Lite-128GB-Storage/product-reviews/B09WQYFLRX/ref=zg-bs_1389432031_sccl_1/258-9771856-7503532?pd_rd_w=PE2Dg&content-id=amzn1.sym.40a67462-811c-4fe6-92cc-c87371e20166&pf_rd_p=40a67462-811c-4fe6-92cc-c87371e20166&pf_rd_r=29MMWY2N1QW0CYJMS68M&pd_rd_wg=dwjrV&pd_rd_r=e3794eef-1e4b-4234-a0e6-4fbe6f353a59&pd_rd_i=B09WQYFLRX&psc=1&pageNumber=71,0
Na,Na,2023-01-13,"Size: 6GB RAM, 128GB Storage Colour: Blue Tide",,Yes,Vishwanath,5.0,"OnePlus Nord CE 2 Lite 5G (Blue Tide, 6GB RAM, 128GB Storage)",https://www.amazon.in/OnePlus-Nord-Lite-128GB-Storage/product-reviews/B09WQYFLRX/ref=zg-bs_1389432031_sccl_1/258-9771856-7503532?pd_rd_w=PE2Dg&content-id=amzn1.sym.40a67462-811c-4fe6-92cc-c87371e20166&pf_rd_p=40a67462-811c-4fe6-92cc-c87371e20166&pf_rd_r=29MMWY2N1QW0CYJMS68M&pd_rd_wg=dwjrV&pd_rd_r=e3794eef-1e4b-4234-a0e6-4fbe6f353a59&pd_rd_i=B09WQYFLRX&psc=1&pageNumber=71,0
nice phone,superbbb,2023-01-14,"Size: 6GB RAM, 128GB Storage Colour: Blue Tide",,Yes,Victor patra,5.0,"OnePlus Nord CE 2 Lite 5G (Blue Tide, 6GB RAM, 128GB Storage)",https://www.amazon.in/OnePlus-Nord-Lite-128GB-Storage/product-reviews/B09WQYFLRX/ref=zg-bs_1389432031_sccl_1/258-9771856-7503532?pd_rd_w=PE2Dg&content-id=amzn1.sym.40a67462-811c-4fe6-92cc-c87371e20166&pf_rd_p=40a67462-811c-4fe6-92cc-c87371e20166&pf_rd_r=29MMWY2N1QW0CYJMS68M&pd_rd_wg=dwjrV&pd_rd_r=e3794eef-1e4b-4234-a0e6-4fbe6f353a59&pd_rd_i=B09WQYFLRX&psc=1&pageNumber=73,0
Good battery and camera quality also perfect,Could have been in display fingerprint censor,2022-11-10,"Size: 6GB RAM, 128GB Storage Colour: Black Dusk",,Yes,daniel,4.0,"OnePlus Nord CE 2 Lite 5G (Blue Tide, 6GB RAM, 128GB Storage)",https://www.amazon.in/OnePlus-Nord-Lite-128GB-Storage/product-reviews/B09WQYFLRX/ref=zg-bs_1389432031_sccl_1/258-9771856-7503532?pd_rd_w=PE2Dg&content-id=amzn1.sym.40a67462-811c-4fe6-92cc-c87371e20166&pf_rd_p=40a67462-811c-4fe6-92cc-c87371e20166&pf_rd_r=29MMWY2N1QW0CYJMS68M&pd_rd_wg=dwjrV&pd_rd_r=e3794eef-1e4b-4234-a0e6-4fbe6f353a59&pd_rd_i=B09WQYFLRX&psc=1&pageNumber=74,0
Smooth,Actually telling 15 Min Full Charged But Charging tiime One Hour Charged,2022-12-28,"Size: 6GB RAM, 128GB Storage Colour: Blue Tide",,Yes,Vannuruswamy,3.0,"OnePlus Nord CE 2 Lite 5G (Blue Tide, 6GB RAM, 128GB Storage)",https://www.amazon.in/OnePlus-Nord-Lite-128GB-Storage/product-reviews/B09WQYFLRX/ref=zg-bs_1389432031_sccl_1/258-9771856-7503532?pd_rd_w=PE2Dg&content-id=amzn1.sym.40a67462-811c-4fe6-92cc-c87371e20166&pf_rd_p=40a67462-811c-4fe6-92cc-c87371e20166&pf_rd_r=29MMWY2N1QW0CYJMS68M&pd_rd_wg=dwjrV&pd_rd_r=e3794eef-1e4b-4234-a0e6-4fbe6f353a59&pd_rd_i=B09WQYFLRX&psc=1&pageNumber=76,0
"Everything is ok,",Normal phone nothing special,2022-11-12,"Size: 6GB RAM, 128GB Storage Colour: Blue Tide",,Yes,irfan,4.0,"OnePlus Nord CE 2 Lite 5G (Blue Tide, 6GB RAM, 128GB Storage)",https://www.amazon.in/OnePlus-Nord-Lite-128GB-Storage/product-reviews/B09WQYFLRX/ref=zg-bs_1389432031_sccl_1/258-9771856-7503532?pd_rd_w=PE2Dg&content-id=amzn1.sym.40a67462-811c-4fe6-92cc-c87371e20166&pf_rd_p=40a67462-811c-4fe6-92cc-c87371e20166&pf_rd_r=29MMWY2N1QW0CYJMS68M&pd_rd_wg=dwjrV&pd_rd_r=e3794eef-1e4b-4234-a0e6-4fbe6f353a59&pd_rd_i=B09WQYFLRX&psc=1&pageNumber=76,0
Flash light is very low.,Updated version is not available in this phone. upgrade flash light so we can take clearly pics during at night .,2022-10-26,,,Yes,Neeraj K.,4.0,"OnePlus Nord CE 2 Lite 5G (Blue Tide, 6GB RAM, 128GB Storage)",https://www.amazon.in/OnePlus-Nord-Lite-128GB-Storage/product-reviews/B09WQYFLRX/ref=zg-bs_1389432031_sccl_1/258-9771856-7503532?pd_rd_w=PE2Dg&content-id=amzn1.sym.40a67462-811c-4fe6-92cc-c87371e20166&pf_rd_p=40a67462-811c-4fe6-92cc-c87371e20166&pf_rd_r=29MMWY2N1QW0CYJMS68M&pd_rd_wg=dwjrV&pd_rd_r=e3794eef-1e4b-4234-a0e6-4fbe6f353a59&pd_rd_i=B09WQYFLRX&psc=1&pageNumber=79,0
Very Good but camera quality is average,Camera,2022-11-08,"Size: 6GB RAM, 128GB Storage Colour: Black Dusk",,Yes,chandu,4.0,"OnePlus Nord CE 2 Lite 5G (Blue Tide, 6GB RAM, 128GB Storage)",https://www.amazon.in/OnePlus-Nord-Lite-128GB-Storage/product-reviews/B09WQYFLRX/ref=zg-bs_1389432031_sccl_1/258-9771856-7503532?pd_rd_w=PE2Dg&content-id=amzn1.sym.40a67462-811c-4fe6-92cc-c87371e20166&pf_rd_p=40a67462-811c-4fe6-92cc-c87371e20166&pf_rd_r=29MMWY2N1QW0CYJMS68M&pd_rd_wg=dwjrV&pd_rd_r=e3794eef-1e4b-4234-a0e6-4fbe6f353a59&pd_rd_i=B09WQYFLRX&psc=1&pageNumber=81,0
Camera quality good within a range but let nhi distance picture quality not good,One issue of heating during charging in this phone,2022-10-29,,"https://m.media-amazon.com/images/I/71GlHPlCPyL._SY88.jpg
https://m.media-amazon.com/images/I/71wznlZ7eDL._SY88.jpg
https://m.media-amazon.com/images/I/81srlOAFNNL._SY88.jpg",Yes,zeeshan umar,4.0,"OnePlus Nord CE 2 Lite 5G (Blue Tide, 6GB RAM, 128GB Storage)",https://www.amazon.in/OnePlus-Nord-Lite-128GB-Storage/product-reviews/B09WQYFLRX/ref=zg-bs_1389432031_sccl_1/258-9771856-7503532?pd_rd_w=PE2Dg&content-id=amzn1.sym.40a67462-811c-4fe6-92cc-c87371e20166&pf_rd_p=40a67462-811c-4fe6-92cc-c87371e20166&pf_rd_r=29MMWY2N1QW0CYJMS68M&pd_rd_wg=dwjrV&pd_rd_r=e3794eef-1e4b-4234-a0e6-4fbe6f353a59&pd_rd_i=B09WQYFLRX&psc=1&pageNumber=81,0
Camera Quality Sahi Nahi Hai,Camera Quality Sahi Nahi Hai,2022-11-04,"Size: 6GB RAM, 128GB Storage Colour: Blue Tide",,Yes,Kushal Bera,4.0,"OnePlus Nord CE 2 Lite 5G (Blue Tide, 6GB RAM, 128GB Storage)",https://www.amazon.in/OnePlus-Nord-Lite-128GB-Storage/product-reviews/B09WQYFLRX/ref=zg-bs_1389432031_sccl_1/258-9771856-7503532?pd_rd_w=PE2Dg&content-id=amzn1.sym.40a67462-811c-4fe6-92cc-c87371e20166&pf_rd_p=40a67462-811c-4fe6-92cc-c87371e20166&pf_rd_r=29MMWY2N1QW0CYJMS68M&pd_rd_wg=dwjrV&pd_rd_r=e3794eef-1e4b-4234-a0e6-4fbe6f353a59&pd_rd_i=B09WQYFLRX&psc=1&pageNumber=82,0
Good,The media could not be loaded.,2023-02-02,"Size: 6GB RAM, 128GB Storage Colour: Blue Tide",,Yes,Amazon Customer,5.0,"OnePlus Nord CE 2 Lite 5G (Blue Tide, 6GB RAM, 128GB Storage)",https://www.amazon.in/OnePlus-Nord-Lite-128GB-Storage/product-reviews/B09WQYFLRX/ref=zg-bs_1389432031_sccl_1/258-9771856-7503532?pd_rd_w=PE2Dg&content-id=amzn1.sym.40a67462-811c-4fe6-92cc-c87371e20166&pf_rd_p=40a67462-811c-4fe6-92cc-c87371e20166&pf_rd_r=29MMWY2N1QW0CYJMS68M&pd_rd_wg=dwjrV&pd_rd_r=e3794eef-1e4b-4234-a0e6-4fbe6f353a59&pd_rd_i=B09WQYFLRX&psc=1&pageNumber=83,0
Awesome  üëè Awesome  üòç soundtrack üòÄ üëå thanks amazon nd one plus i first purchase first time use,What the process üò≥ üòï mind blowing one plus.......i phone 11 liya thha selling kardiya one plus liya what the performance üëè üò≥ üôå,2022-12-20,"Size: 6GB RAM, 128GB Storage Colour: Blue Tide",,Yes,Mohammad Samir Khan,5.0,"OnePlus Nord CE 2 Lite 5G (Blue Tide, 6GB RAM, 128GB Storage)",https://www.amazon.in/OnePlus-Nord-Lite-128GB-Storage/product-reviews/B09WQYFLRX/ref=zg-bs_1389432031_sccl_1/258-9771856-7503532?pd_rd_w=PE2Dg&content-id=amzn1.sym.40a67462-811c-4fe6-92cc-c87371e20166&pf_rd_p=40a67462-811c-4fe6-92cc-c87371e20166&pf_rd_r=29MMWY2N1QW0CYJMS68M&pd_rd_wg=dwjrV&pd_rd_r=e3794eef-1e4b-4234-a0e6-4fbe6f353a59&pd_rd_i=B09WQYFLRX&psc=1&pageNumber=85,0
Good,Decent enough at this price.,2022-11-05,,,Yes,VISHNU J,4.0,"OnePlus Nord CE 2 Lite 5G (Blue Tide, 6GB RAM, 128GB Storage)",https://www.amazon.in/OnePlus-Nord-Lite-128GB-Storage/product-reviews/B09WQYFLRX/ref=zg-bs_1389432031_sccl_1/258-9771856-7503532?pd_rd_w=PE2Dg&content-id=amzn1.sym.40a67462-811c-4fe6-92cc-c87371e20166&pf_rd_p=40a67462-811c-4fe6-92cc-c87371e20166&pf_rd_r=29MMWY2N1QW0CYJMS68M&pd_rd_wg=dwjrV&pd_rd_r=e3794eef-1e4b-4234-a0e6-4fbe6f353a59&pd_rd_i=B09WQYFLRX&psc=1&pageNumber=86,0
I no receive my mobile bill pls solve my problem,‡§Æ‡•à‡§Ç‡§®‡•á ‡§è‡§ï ‡§µ‡§®‡§™‡•ç‡§≤‡§∏ ‡§®‡•ãrd 5 ce2 ‡§ï‡§æ ‡§Æ‡•ã‡§¨‡§æ‡§á‡§≤ ‡§Ü‡§∞‡•ç‡§°‡§∞ ‡§ï‡§ø‡§Ø‡§æ ‡§•‡§æ ‡§∏‡§æ‡§• ‡§Æ‡•á‡§Ç ‡§è‡§ï ‡§Æ‡•ã‡§¨‡§æ‡§á‡§≤ ‡§ï‡§æ ‡§ï‡§µ‡§∞ ‡§•‡§æ ‡§Æ‡•Å‡§ù‡•á ‡§Æ‡•ã‡§¨‡§æ‡§á‡§≤ ‡§ï‡•Ä ‡§ï‡§µ‡§∞ ‡§ï‡§æ ‡§¨‡§ø‡§≤ ‡§Æ‡§ø‡§≤ ‡§ó‡§Ø‡§æ ‡§≤‡•á‡§ï‡§ø‡§® ‡§ú‡•ã ‡§Æ‡•à‡§Ç‡§®‡•á ‡§Æ‡•ã‡§¨‡§æ‡§á‡§≤ ‡§≤‡§ø‡§Ø‡§æ ‡§•‡§æ ‡§â‡§∏‡§ï‡§æ ‡§¨‡§ø‡§≤ ‡§Æ‡•Å‡§ù‡•á ‡§™‡•ç‡§∞‡§æ‡§™‡•ç‡§§ ‡§®‡§π‡•Ä‡§Ç ‡§π‡•Å‡§Ü ‡§î‡§∞ ‡§®‡§æ ‡§µ‡§π ‡§Æ‡•á‡§∞‡•Ä ‡§Ü‡§∞‡•ç‡§°‡§∞ ‡§≤‡§ø‡§∏‡•ç‡§ü ‡§∏‡•á ‡§°‡§æ‡§â‡§®‡§≤‡•ã‡§° ‡§π‡•ã ‡§∞‡§π‡§æ ‡§π‡•à,2022-12-14,"Size: 6GB RAM, 128GB Storage Colour: Blue Tide",,Yes,Davinder Singh,5.0,"OnePlus Nord CE 2 Lite 5G (Blue Tide, 6GB RAM, 128GB Storage)",https://www.amazon.in/OnePlus-Nord-Lite-128GB-Storage/product-reviews/B09WQYFLRX/ref=zg-bs_1389432031_sccl_1/258-9771856-7503532?pd_rd_w=PE2Dg&content-id=amzn1.sym.40a67462-811c-4fe6-92cc-c87371e20166&pf_rd_p=40a67462-811c-4fe6-92cc-c87371e20166&pf_rd_r=29MMWY2N1QW0CYJMS68M&pd_rd_wg=dwjrV&pd_rd_r=e3794eef-1e4b-4234-a0e6-4fbe6f353a59&pd_rd_i=B09WQYFLRX&psc=1&pageNumber=86,0
Ekadam phaadu mobile hai le lo,Bahut achcha hai 17000 mein pura Paisa vasul Ho Gaya meri jaan ü§ü,2022-10-23,"Size: 6GB RAM, 128GB Storage Colour: Blue Tide",,Yes,Sagar Patel,4.0,"OnePlus Nord CE 2 Lite 5G (Blue Tide, 6GB RAM, 128GB Storage)",https://www.amazon.in/OnePlus-Nord-Lite-128GB-Storage/product-reviews/B09WQYFLRX/ref=zg-bs_1389432031_sccl_1/258-9771856-7503532?pd_rd_w=PE2Dg&content-id=amzn1.sym.40a67462-811c-4fe6-92cc-c87371e20166&pf_rd_p=40a67462-811c-4fe6-92cc-c87371e20166&pf_rd_r=29MMWY2N1QW0CYJMS68M&pd_rd_wg=dwjrV&pd_rd_r=e3794eef-1e4b-4234-a0e6-4fbe6f353a59&pd_rd_i=B09WQYFLRX&psc=1&pageNumber=87,0
Mast phone hai,Camera acha hai or bettary bahot lajawab hai,2022-12-29,"Size: 6GB RAM, 128GB Storage Colour: Blue Tide",,Yes,Kamaljeet,5.0,"OnePlus Nord CE 2 Lite 5G (Blue Tide, 6GB RAM, 128GB Storage)",https://www.amazon.in/OnePlus-Nord-Lite-128GB-Storage/product-reviews/B09WQYFLRX/ref=zg-bs_1389432031_sccl_1/258-9771856-7503532?pd_rd_w=PE2Dg&content-id=amzn1.sym.40a67462-811c-4fe6-92cc-c87371e20166&pf_rd_p=40a67462-811c-4fe6-92cc-c87371e20166&pf_rd_r=29MMWY2N1QW0CYJMS68M&pd_rd_wg=dwjrV&pd_rd_r=e3794eef-1e4b-4234-a0e6-4fbe6f353a59&pd_rd_i=B09WQYFLRX&psc=1&pageNumber=88,0
Finger don't work properly,Finger don't work properly.,2023-01-02,"Size: 6GB RAM, 128GB Storage Colour: Blue Tide",,Yes,DINESH RAJPUT,5.0,"OnePlus Nord CE 2 Lite 5G (Blue Tide, 6GB RAM, 128GB Storage)",https://www.amazon.in/OnePlus-Nord-Lite-128GB-Storage/product-reviews/B09WQYFLRX/ref=zg-bs_1389432031_sccl_1/258-9771856-7503532?pd_rd_w=PE2Dg&content-id=amzn1.sym.40a67462-811c-4fe6-92cc-c87371e20166&pf_rd_p=40a67462-811c-4fe6-92cc-c87371e20166&pf_rd_r=29MMWY2N1QW0CYJMS68M&pd_rd_wg=dwjrV&pd_rd_r=e3794eef-1e4b-4234-a0e6-4fbe6f353a59&pd_rd_i=B09WQYFLRX&psc=1&pageNumber=88,0
Medium Quality,Chalania,2022-11-02,"Size: 6GB RAM, 128GB Storage Colour: Blue Tide",,Yes,Babula Palei,4.0,"OnePlus Nord CE 2 Lite 5G (Blue Tide, 6GB RAM, 128GB Storage)",https://www.amazon.in/OnePlus-Nord-Lite-128GB-Storage/product-reviews/B09WQYFLRX/ref=zg-bs_1389432031_sccl_1/258-9771856-7503532?pd_rd_w=PE2Dg&content-id=amzn1.sym.40a67462-811c-4fe6-92cc-c87371e20166&pf_rd_p=40a67462-811c-4fe6-92cc-c87371e20166&pf_rd_r=29MMWY2N1QW0CYJMS68M&pd_rd_wg=dwjrV&pd_rd_r=e3794eef-1e4b-4234-a0e6-4fbe6f353a59&pd_rd_i=B09WQYFLRX&psc=1&pageNumber=89,0
Battery jaldi down ho jati h,Battery jaldi down ho jati h,2022-10-28,"Size: 6GB RAM, 128GB Storage Colour: Blue Tide",,Yes,Kamal kant tiwari,4.0,"OnePlus Nord CE 2 Lite 5G (Blue Tide, 6GB RAM, 128GB Storage)",https://www.amazon.in/OnePlus-Nord-Lite-128GB-Storage/product-reviews/B09WQYFLRX/ref=zg-bs_1389432031_sccl_1/258-9771856-7503532?pd_rd_w=PE2Dg&content-id=amzn1.sym.40a67462-811c-4fe6-92cc-c87371e20166&pf_rd_p=40a67462-811c-4fe6-92cc-c87371e20166&pf_rd_r=29MMWY2N1QW0CYJMS68M&pd_rd_wg=dwjrV&pd_rd_r=e3794eef-1e4b-4234-a0e6-4fbe6f353a59&pd_rd_i=B09WQYFLRX&psc=1&pageNumber=89,0
Camera is not much,The media could not be loaded.,2022-11-10,,,Yes,Amazon Customer,4.0,"OnePlus Nord CE 2 Lite 5G (Blue Tide, 6GB RAM, 128GB Storage)",https://www.amazon.in/OnePlus-Nord-Lite-128GB-Storage/product-reviews/B09WQYFLRX/ref=zg-bs_1389432031_sccl_1/258-9771856-7503532?pd_rd_w=PE2Dg&content-id=amzn1.sym.40a67462-811c-4fe6-92cc-c87371e20166&pf_rd_p=40a67462-811c-4fe6-92cc-c87371e20166&pf_rd_r=29MMWY2N1QW0CYJMS68M&pd_rd_wg=dwjrV&pd_rd_r=e3794eef-1e4b-4234-a0e6-4fbe6f353a59&pd_rd_i=B09WQYFLRX&psc=1&pageNumber=90,0
Shaaandaaar,5+ Reting_ Ghazab,2023-01-04,"Size: 6GB RAM, 128GB Storage Colour: Blue Tide","https://m.media-amazon.com/images/I/51SIShSq-sL._SY88.jpg
https://m.media-amazon.com/images/I/51jKXiEbT4L._SY88.jpg",Yes,Placeholder,5.0,"OnePlus Nord CE 2 Lite 5G (Blue Tide, 6GB RAM, 128GB Storage)",https://www.amazon.in/OnePlus-Nord-Lite-128GB-Storage/product-reviews/B09WQYFLRX/ref=zg-bs_1389432031_sccl_1/258-9771856-7503532?pd_rd_w=PE2Dg&content-id=amzn1.sym.40a67462-811c-4fe6-92cc-c87371e20166&pf_rd_p=40a67462-811c-4fe6-92cc-c87371e20166&pf_rd_r=29MMWY2N1QW0CYJMS68M&pd_rd_wg=dwjrV&pd_rd_r=e3794eef-1e4b-4234-a0e6-4fbe6f353a59&pd_rd_i=B09WQYFLRX&psc=1&pageNumber=90,0
Good....but not special .,Night photo,2022-10-31,,,Yes,Abhirup poddar,4.0,"OnePlus Nord CE 2 Lite 5G (Blue Tide, 6GB RAM, 128GB Storage)",https://www.amazon.in/OnePlus-Nord-Lite-128GB-Storage/product-reviews/B09WQYFLRX/ref=zg-bs_1389432031_sccl_1/258-9771856-7503532?pd_rd_w=PE2Dg&content-id=amzn1.sym.40a67462-811c-4fe6-92cc-c87371e20166&pf_rd_p=40a67462-811c-4fe6-92cc-c87371e20166&pf_rd_r=29MMWY2N1QW0CYJMS68M&pd_rd_wg=dwjrV&pd_rd_r=e3794eef-1e4b-4234-a0e6-4fbe6f353a59&pd_rd_i=B09WQYFLRX&psc=1&pageNumber=91,0
Not bad,"Normal phone, not specified",2022-10-30,"Size: 6GB RAM, 128GB Storage Colour: Blue Tide",,Yes,kannan,4.0,"OnePlus Nord CE 2 Lite 5G (Blue Tide, 6GB RAM, 128GB Storage)",https://www.amazon.in/OnePlus-Nord-Lite-128GB-Storage/product-reviews/B09WQYFLRX/ref=zg-bs_1389432031_sccl_1/258-9771856-7503532?pd_rd_w=PE2Dg&content-id=amzn1.sym.40a67462-811c-4fe6-92cc-c87371e20166&pf_rd_p=40a67462-811c-4fe6-92cc-c87371e20166&pf_rd_r=29MMWY2N1QW0CYJMS68M&pd_rd_wg=dwjrV&pd_rd_r=e3794eef-1e4b-4234-a0e6-4fbe6f353a59&pd_rd_i=B09WQYFLRX&psc=1&pageNumber=91,0
Good,Hy,2023-01-03,,,Yes,Latif Khan,5.0,"OnePlus Nord CE 2 Lite 5G (Blue Tide, 6GB RAM, 128GB Storage)",https://www.amazon.in/OnePlus-Nord-Lite-128GB-Storage/product-reviews/B09WQYFLRX/ref=zg-bs_1389432031_sccl_1/258-9771856-7503532?pd_rd_w=PE2Dg&content-id=amzn1.sym.40a67462-811c-4fe6-92cc-c87371e20166&pf_rd_p=40a67462-811c-4fe6-92cc-c87371e20166&pf_rd_r=29MMWY2N1QW0CYJMS68M&pd_rd_wg=dwjrV&pd_rd_r=e3794eef-1e4b-4234-a0e6-4fbe6f353a59&pd_rd_i=B09WQYFLRX&psc=1&pageNumber=91,0
Good brand at an affordable price.,All-rounder.,2023-01-05,"Size: 6GB RAM, 128GB Storage Colour: Black Dusk",https://m.media-amazon.com/images/I/61pY4jRynYL._SY88.jpg,Yes,J.Balaji,5.0,"OnePlus Nord CE 2 Lite 5G (Blue Tide, 6GB RAM, 128GB Storage)",https://www.amazon.in/OnePlus-Nord-Lite-128GB-Storage/product-reviews/B09WQYFLRX/ref=zg-bs_1389432031_sccl_1/258-9771856-7503532?pd_rd_w=PE2Dg&content-id=amzn1.sym.40a67462-811c-4fe6-92cc-c87371e20166&pf_rd_p=40a67462-811c-4fe6-92cc-c87371e20166&pf_rd_r=29MMWY2N1QW0CYJMS68M&pd_rd_wg=dwjrV&pd_rd_r=e3794eef-1e4b-4234-a0e6-4fbe6f353a59&pd_rd_i=B09WQYFLRX&psc=1&pageNumber=92,0
Camera not clear,Tks,2023-01-05,"Size: 6GB RAM, 128GB Storage Colour: Black Dusk",https://m.media-amazon.com/images/I/71Hnb+88gtL._SY88.jpg,Yes,Suneel kumar 8800653779,5.0,"OnePlus Nord CE 2 Lite 5G (Blue Tide, 6GB RAM, 128GB Storage)",https://www.amazon.in/OnePlus-Nord-Lite-128GB-Storage/product-reviews/B09WQYFLRX/ref=zg-bs_1389432031_sccl_1/258-9771856-7503532?pd_rd_w=PE2Dg&content-id=amzn1.sym.40a67462-811c-4fe6-92cc-c87371e20166&pf_rd_p=40a67462-811c-4fe6-92cc-c87371e20166&pf_rd_r=29MMWY2N1QW0CYJMS68M&pd_rd_wg=dwjrV&pd_rd_r=e3794eef-1e4b-4234-a0e6-4fbe6f353a59&pd_rd_i=B09WQYFLRX&psc=1&pageNumber=92,0
Finger print not working,I purchase this Mobile October 1 and only 2 month finger print not Working.üòíüòíüòíüòí,2022-12-10,"Size: 6GB RAM, 128GB Storage Colour: Black Dusk",,Yes,Md Marghoob Inaam,3.0,"OnePlus Nord CE 2 Lite 5G (Blue Tide, 6GB RAM, 128GB Storage)",https://www.amazon.in/OnePlus-Nord-Lite-128GB-Storage/product-reviews/B09WQYFLRX/ref=zg-bs_1389432031_sccl_1/258-9771856-7503532?pd_rd_w=PE2Dg&content-id=amzn1.sym.40a67462-811c-4fe6-92cc-c87371e20166&pf_rd_p=40a67462-811c-4fe6-92cc-c87371e20166&pf_rd_r=29MMWY2N1QW0CYJMS68M&pd_rd_wg=dwjrV&pd_rd_r=e3794eef-1e4b-4234-a0e6-4fbe6f353a59&pd_rd_i=B09WQYFLRX&psc=1&pageNumber=92,0
‡§´‡•ã‡§® ‡§†‡•Ä‡§ï-‡§†‡§æ‡§ï ‡§π‡•à,‡§´‡•ã‡§® ‡§§‡•ã ‡§Ö‡§ö‡•ç‡§õ‡§æ ‡§ö‡§≤‡§§‡§æ ‡§π‡•à ‡§≤‡•á‡§ï‡§ø‡§® ‡§¨‡•à‡§ü‡§∞‡•Ä ‡§•‡•ã‡§°‡§º‡§æ ‡§ï‡§Æ ‡§ö‡§≤‡§§‡§æ ‡§π‡•à ‡§Æ‡§ø‡§≤‡§æ‡§ú‡•Å‡§≤‡§æ ‡§ï‡•á ‡§™‡•à‡§∏‡§æ ‡§¨‡•à‡§ü‡§∞‡•Ä ‡§¨‡§π‡•Å‡§§ ‡§ï‡§Æ ‡§ö‡§≤‡§§‡§æ ‡§π‡•à,2022-10-14,,,Yes,pappu pandey,4.0,"OnePlus Nord CE 2 Lite 5G (Blue Tide, 6GB RAM, 128GB Storage)",https://www.amazon.in/OnePlus-Nord-Lite-128GB-Storage/product-reviews/B09WQYFLRX/ref=zg-bs_1389432031_sccl_1/258-9771856-7503532?pd_rd_w=PE2Dg&content-id=amzn1.sym.40a67462-811c-4fe6-92cc-c87371e20166&pf_rd_p=40a67462-811c-4fe6-92cc-c87371e20166&pf_rd_r=29MMWY2N1QW0CYJMS68M&pd_rd_wg=dwjrV&pd_rd_r=e3794eef-1e4b-4234-a0e6-4fbe6f353a59&pd_rd_i=B09WQYFLRX&psc=1&pageNumber=93,0
Nice.,The media could not be loaded. Camera.64mp.nice,2022-10-30,"Size: 6GB RAM, 128GB Storage Colour: Blue Tide",,Yes,Dondurao,4.0,"OnePlus Nord CE 2 Lite 5G (Blue Tide, 6GB RAM, 128GB Storage)",https://www.amazon.in/OnePlus-Nord-Lite-128GB-Storage/product-reviews/B09WQYFLRX/ref=zg-bs_1389432031_sccl_1/258-9771856-7503532?pd_rd_w=PE2Dg&content-id=amzn1.sym.40a67462-811c-4fe6-92cc-c87371e20166&pf_rd_p=40a67462-811c-4fe6-92cc-c87371e20166&pf_rd_r=29MMWY2N1QW0CYJMS68M&pd_rd_wg=dwjrV&pd_rd_r=e3794eef-1e4b-4234-a0e6-4fbe6f353a59&pd_rd_i=B09WQYFLRX&psc=1&pageNumber=93,0
After one year,After one year Battery back up go down,2022-12-11,"Size: 6GB RAM, 128GB Storage Colour: Blue Tide",,Yes,harshad Patil,3.0,"OnePlus Nord CE 2 Lite 5G (Blue Tide, 6GB RAM, 128GB Storage)",https://www.amazon.in/OnePlus-Nord-Lite-128GB-Storage/product-reviews/B09WQYFLRX/ref=zg-bs_1389432031_sccl_1/258-9771856-7503532?pd_rd_w=PE2Dg&content-id=amzn1.sym.40a67462-811c-4fe6-92cc-c87371e20166&pf_rd_p=40a67462-811c-4fe6-92cc-c87371e20166&pf_rd_r=29MMWY2N1QW0CYJMS68M&pd_rd_wg=dwjrV&pd_rd_r=e3794eef-1e4b-4234-a0e6-4fbe6f353a59&pd_rd_i=B09WQYFLRX&psc=1&pageNumber=94,0
OnePlus,OnePlus,2022-10-26,"Size: 6GB RAM, 128GB Storage Colour: Black Dusk",,Yes,AJAY,4.0,"OnePlus Nord CE 2 Lite 5G (Blue Tide, 6GB RAM, 128GB Storage)",https://www.amazon.in/OnePlus-Nord-Lite-128GB-Storage/product-reviews/B09WQYFLRX/ref=zg-bs_1389432031_sccl_1/258-9771856-7503532?pd_rd_w=PE2Dg&content-id=amzn1.sym.40a67462-811c-4fe6-92cc-c87371e20166&pf_rd_p=40a67462-811c-4fe6-92cc-c87371e20166&pf_rd_r=29MMWY2N1QW0CYJMS68M&pd_rd_wg=dwjrV&pd_rd_r=e3794eef-1e4b-4234-a0e6-4fbe6f353a59&pd_rd_i=B09WQYFLRX&psc=1&pageNumber=96,0
Average,"Call recieving speaker is not up to the mark, very noisy.",2022-10-21,"Size: 6GB RAM, 128GB Storage Colour: Blue Tide",,Yes,S M from hkd,4.0,"OnePlus Nord CE 2 Lite 5G (Blue Tide, 6GB RAM, 128GB Storage)",https://www.amazon.in/OnePlus-Nord-Lite-128GB-Storage/product-reviews/B09WQYFLRX/ref=zg-bs_1389432031_sccl_1/258-9771856-7503532?pd_rd_w=PE2Dg&content-id=amzn1.sym.40a67462-811c-4fe6-92cc-c87371e20166&pf_rd_p=40a67462-811c-4fe6-92cc-c87371e20166&pf_rd_r=29MMWY2N1QW0CYJMS68M&pd_rd_wg=dwjrV&pd_rd_r=e3794eef-1e4b-4234-a0e6-4fbe6f353a59&pd_rd_i=B09WQYFLRX&psc=1&pageNumber=96,0
Running smoothly,New purchasing  running smootly after one  month use give final touch review,2022-10-14,,,Yes,Shekher,4.0,"OnePlus Nord CE 2 Lite 5G (Blue Tide, 6GB RAM, 128GB Storage)",https://www.amazon.in/OnePlus-Nord-Lite-128GB-Storage/product-reviews/B09WQYFLRX/ref=zg-bs_1389432031_sccl_1/258-9771856-7503532?pd_rd_w=PE2Dg&content-id=amzn1.sym.40a67462-811c-4fe6-92cc-c87371e20166&pf_rd_p=40a67462-811c-4fe6-92cc-c87371e20166&pf_rd_r=29MMWY2N1QW0CYJMS68M&pd_rd_wg=dwjrV&pd_rd_r=e3794eef-1e4b-4234-a0e6-4fbe6f353a59&pd_rd_i=B09WQYFLRX&psc=1&pageNumber=97,0
Incoming ring tone is horribly low,"Self use, general practice.",2022-10-21,"Size: 6GB RAM, 128GB Storage Colour: Blue Tide",,Yes,Amazon Customer,4.0,"OnePlus Nord CE 2 Lite 5G (Blue Tide, 6GB RAM, 128GB Storage)",https://www.amazon.in/OnePlus-Nord-Lite-128GB-Storage/product-reviews/B09WQYFLRX/ref=zg-bs_1389432031_sccl_1/258-9771856-7503532?pd_rd_w=PE2Dg&content-id=amzn1.sym.40a67462-811c-4fe6-92cc-c87371e20166&pf_rd_p=40a67462-811c-4fe6-92cc-c87371e20166&pf_rd_r=29MMWY2N1QW0CYJMS68M&pd_rd_wg=dwjrV&pd_rd_r=e3794eef-1e4b-4234-a0e6-4fbe6f353a59&pd_rd_i=B09WQYFLRX&psc=1&pageNumber=98,0
Brand value only,Finger sensor shi mai bhot smooth hai or battery bhi kafi achi hai bss thoda camera ke mamle mai piche reh gya is phone Mai OnePlus,2022-10-08,"Size: 6GB RAM, 128GB Storage Colour: Black Dusk",,Yes,Mohd Ameen,4.0,"OnePlus Nord CE 2 Lite 5G (Blue Tide, 6GB RAM, 128GB Storage)",https://www.amazon.in/OnePlus-Nord-Lite-128GB-Storage/product-reviews/B09WQYFLRX/ref=zg-bs_1389432031_sccl_1/258-9771856-7503532?pd_rd_w=PE2Dg&content-id=amzn1.sym.40a67462-811c-4fe6-92cc-c87371e20166&pf_rd_p=40a67462-811c-4fe6-92cc-c87371e20166&pf_rd_r=29MMWY2N1QW0CYJMS68M&pd_rd_wg=dwjrV&pd_rd_r=e3794eef-1e4b-4234-a0e6-4fbe6f353a59&pd_rd_i=B09WQYFLRX&psc=1&pageNumber=98,0
Overall ok but don't have memory expantd and dual sim have to choose one dual sim or memory card,Don't have both option of memory card and sim slot only have to insert sim or memory card,2022-10-16,"Size: 6GB RAM, 128GB Storage Colour: Black Dusk",,Yes,dinakar,4.0,"OnePlus Nord CE 2 Lite 5G (Blue Tide, 6GB RAM, 128GB Storage)",https://www.amazon.in/OnePlus-Nord-Lite-128GB-Storage/product-reviews/B09WQYFLRX/ref=zg-bs_1389432031_sccl_1/258-9771856-7503532?pd_rd_w=PE2Dg&content-id=amzn1.sym.40a67462-811c-4fe6-92cc-c87371e20166&pf_rd_p=40a67462-811c-4fe6-92cc-c87371e20166&pf_rd_r=29MMWY2N1QW0CYJMS68M&pd_rd_wg=dwjrV&pd_rd_r=e3794eef-1e4b-4234-a0e6-4fbe6f353a59&pd_rd_i=B09WQYFLRX&psc=1&pageNumber=98,0
NYC product,The media could not be loaded.,2022-10-27,,https://m.media-amazon.com/images/I/61LJTQcujUL._SY88.jpg,Yes,Placeholder,4.0,"OnePlus Nord CE 2 Lite 5G (Blue Tide, 6GB RAM, 128GB Storage)",https://www.amazon.in/OnePlus-Nord-Lite-128GB-Storage/product-reviews/B09WQYFLRX/ref=zg-bs_1389432031_sccl_1/258-9771856-7503532?pd_rd_w=PE2Dg&content-id=amzn1.sym.40a67462-811c-4fe6-92cc-c87371e20166&pf_rd_p=40a67462-811c-4fe6-92cc-c87371e20166&pf_rd_r=29MMWY2N1QW0CYJMS68M&pd_rd_wg=dwjrV&pd_rd_r=e3794eef-1e4b-4234-a0e6-4fbe6f353a59&pd_rd_i=B09WQYFLRX&psc=1&pageNumber=99,0
