comment,date,author,like_count,reply_count,sentiment
"I want to make this!!

Wife said no to a 3d printer.  Oh well.",2023-04-28 22:43:54+00:00,"Cat Man, Do",0,0,1
super,2023-04-27 21:51:32+00:00,–ü—ë—Ç—Ä –õ–∏—Å–∞–≤–∫–∏–Ω,0,0,1
So you stole the project from someone else and made a sponsored video about it? üôÑ,2023-04-27 21:03:03+00:00,WS Ant,0,0,1
Great!,2023-04-24 19:39:39+00:00,Adolfo Chora,0,0,1
"could send the me the min hand STL file, actually its missing in your description file.",2023-04-18 09:10:40+00:00,K for KOLKATA,0,0,1
"Wow that is amazing!
I love it!
I'd say you're pretty good at making things, aren't ye?
Greetings from Ireland üáÆüá™",2023-04-15 22:05:26+00:00,Nausica√§0707,0,0,1
"Could someone please explain to me the  design purpose of the spirals on the shaft attached to the motor,  as in would the system operate differently if the spirals were to be deleted from the shaft?",2023-04-14 14:25:54+00:00,Femi Osusa,0,0,1
Love it,2023-04-12 04:13:03+00:00,Joash Liu,0,0,1
"I love how simple yet mesmerizing the design is, like you wouldn't have expected this to work unless you had some engineering knowledge",2023-04-11 09:05:04+00:00,James TDG,1,0,1
"Meh, I was hoping the hour hand was controlled by a motor on the axis. Much more complicated, but achievable.",2023-04-09 20:16:16+00:00,Tim Hinchcliffe,0,0,1
"üòÇ fml! I‚Äôm trying to figure it out?
I found the motors.
I need the zip file to upload to nextpcm?
What parts do I actually need?
Have you the links to all the parts etc?
Power supply socket etc
Thanks 
I‚Äôm waiting to go on this üòÇ",2023-04-09 17:52:22+00:00,supaflydude666,0,0,1
I‚Äôm confused! Have you the file that you uploaded to get it printed with all the correct information?  Thanks,2023-04-09 17:01:27+00:00,supaflydude666,0,0,1
"I feel like it would sell the illusion better if the middle piece was suspended between two pieces of taught fishing line. Then they would appear to be truly 'floating' as it were, could also make the minute hand slightly shorter to really sell it",2023-04-09 15:45:15+00:00,Greennou99,0,1,1
What happenwd to the black support to the hands on the final product?,2023-04-08 23:41:11+00:00,Aalap Shah,0,0,1
So creative.,2023-04-08 13:47:47+00:00,Ê¢ÖËîµ,0,0,1
"It's a good illusion. As with the tricks of the magicians: As soon as you know the secret, it takes away a bit of the charm :-).",2023-04-08 10:45:38+00:00,Alex,0,0,1
"Very creative work üëçüòäüëç Like so much..!
Make minet ring transparent polymer for more realistic hollow effect..!",2023-04-07 21:05:02+00:00,Arslan Muzaffar,0,0,1
Such an elegant design!,2023-04-06 09:24:18+00:00,thedeliverus,0,0,1
my arduino is very big,2023-04-05 14:42:39+00:00,Bimo Kayoba,0,0,1
"Is it only me, or are more people really annoyed of how the hour hand is one cog behind where it should be",2023-04-04 08:14:45+00:00,Science in Engineering,0,0,1
Can you please specify which step motor controller I can buy in Brazil. Thank you.,2023-04-02 11:11:32+00:00,Doni Pereira,0,0,1
can we get the copy of 3D files ? thank you,2023-04-02 07:42:37+00:00,Yudhy Darma,0,0,1
"Would prefer a transparent backplate to mount both clock hands with magnets - takes away the stick-something-through-iness, but adds a lot optically I think",2023-03-30 19:32:14+00:00,Jan,1,0,1
"Sorry, but you didnt make it. ¬Ø\ („ÉÑ) /¬Ø",2023-03-30 17:22:41+00:00,Unexpected Sounds,0,0,1
"This is a really nice example, but you ought to check out the Jefferson Golden Hour clock. It uses a counterweight so that neither hand has to be attached to the bezel or mechanism at all. They're quite elegant and you don't see anything moving since it's all actually hidden. They were in production from 1949 until 1991; my parents received one as a wedding gift in 1954 and I still have it, plus a couple more, as well as a few examples of the other clocks in the Jefferson lineup. There were around 7 models, some available in different finishes, and a couple employed different mechanics to create the illusion.",2023-03-29 14:51:38+00:00,jettlag,0,0,1
The most rarest clock ever,2023-03-27 13:32:30+00:00,Jory Bagayan Nerja,0,0,1
"Great video, can you link to what soldering iron you use please?",2023-03-26 21:59:25+00:00,Tim Goffin,0,0,1
perfect,2023-03-26 04:15:43+00:00,ƒê√¥ng,0,0,1
Excellent!,2023-03-25 21:08:03+00:00,Umar Mughal,0,0,1
"I love how this clock works.  And it's actually far simpler than the appearance would suggest.  Elegant and simple, very nice combination!",2023-03-23 22:38:50+00:00,Craxin01,19,0,1
Amazing!,2023-03-23 01:09:06+00:00,Atiya Kitchen Vlogs.,0,0,1
It is amazing what this world has become. You did  nothing but take what someone else has done and called it your own so to speak.. I think I will start a YouTube channel and use other people's intelligence to make  profit...,2023-03-22 08:13:07+00:00,Prehan Ramsamy,1,0,1
Can u made counterclockwise for me?? üòä,2023-03-21 14:46:41+00:00,Fabian Ailon,0,0,1
amazing,2023-03-20 18:34:57+00:00,Ayrex,0,0,1
Great!,2023-03-17 09:00:24+00:00,Craft - Z,0,0,1
"Are you selling this?
Can you make one for me?",2023-03-17 03:07:10+00:00,Jock Ewing,1,0,1
Really Amazing bro... üëèüëèüëè,2023-03-13 05:58:48+00:00,Draw Box,0,0,1
what about a fishing lure that seeks fish and stabs right through them... is that possible with arduino?,2023-03-12 18:00:17+00:00,Golbez,0,0,1
Well Doneüëè,2023-03-11 11:27:36+00:00,Ghost,0,0,1
Great project! it is time accurate?,2023-03-11 10:56:38+00:00,ŒùŒïŒöŒ§ŒëŒ°ŒôŒüŒ£ ŒöŒüŒ•Œ°ŒëŒöŒóŒ£,0,0,1
I remember you from your giveaway scamming bruh! How's it going to having a million subs channel?,2023-03-10 08:03:35+00:00,Abu Ubayda,0,2,1
How does the hour hand move please?,2023-03-10 04:10:28+00:00,Satheesh Bennet,0,0,1
please explain how hour hand of watch move,2023-03-09 16:09:31+00:00,something  new,0,0,1
Please bro make a rechargeable Vape with lithium battery üîã plplplzzzzz bro,2023-03-09 12:16:16+00:00,SHADOW FF,0,0,1
How does the hour hand move,2023-03-07 11:55:36+00:00,killerdragon,0,1,1
Bro can you make RGB keyboard,2023-03-05 14:44:43+00:00,daivya,1,0,1
Do you sell this? I want to buy,2023-03-03 05:00:32+00:00,maglan4,0,0,1
Amazing,2023-03-03 04:08:33+00:00,Paper Origami Crafts,0,0,1
I like it. I am wondering if you can take it a bit further and add a metal seconds hand and do the same thing gearing the magnet with the minutes hand. Making it a bit more of a floating realism effect? Maybe add lighting so the the effect looks more real to everyone that its floating in mid air. what a allusion. Thank for the Youtube video.,2023-03-02 18:06:12+00:00,snowcatman,0,0,1
What pcb design application do you use?,2023-03-02 15:50:09+00:00,Roji April Naldi,0,0,1
"Hi, I have a question. I ordered the PCB, but I received without the chip, shell I remove from stepper motor and solder it to the PCB. I think you forgot to mention it. Thanks",2023-03-02 11:21:17+00:00,Franco Catera,0,1,1
Great type of IInovation üî•,2023-02-27 12:57:21+00:00,Darshan Jadhav,0,0,1
Hey can you share pcb diagram..?,2023-02-25 17:15:07+00:00,Adarsh Kumar,0,0,1
Can you make a Nintendo switch,2023-02-25 04:14:10+00:00,Megacat700,0,0,1
Can you provide DC JACK SPEC and adapter board files?,2023-02-24 05:04:17+00:00,Li Tsung Lo,0,0,1
"This is an extremely great idea, but a terrible video. No explanation no nothing really. This almost feels unfair to the original owner of the project... You dont even explain how the gear ratio is set you simply make it... I feel sad that this video found me before the original did.",2023-02-24 02:01:58+00:00,Gokalp Cetin,1,0,1
"Hello, is the model of the red cover on the hour hand available for download?",2023-02-22 09:22:56+00:00,slayercjc,1,0,1
why even use a microcontroller? i'm pretty sure using regular components used in clocks would be far cheaper,2023-02-22 00:22:52+00:00,i will step on you for two dollars,0,0,1
I was like oh its probably gears in the minute hand and a mini pc controlling these gears so that its at theright point but then I saw the magnets. LAAME,2023-02-21 10:43:07+00:00,ThirtyVirus,0,0,1
"Just an FYI, the minute hand STL in your google drive is currently downloading as the upgraded base STL",2023-02-21 09:55:49+00:00,EliTheWolf,1,0,1
Can you share the min hand stl file,2023-02-21 09:28:47+00:00,Amir Haziq,0,0,1
Imagine making a watch like this for our wrist,2023-02-20 11:06:03+00:00,NmLikhon,0,0,1
"""First I printed all the parts on a 3D printer.""
- at this point, I immediately lose interest.",2023-02-19 19:35:24+00:00,Olmost Gudinaf,1,0,1
loved this,2023-02-19 18:35:14+00:00,Priyank Chaudhari,0,0,1
really cool,2023-02-19 18:35:06+00:00,Priyank Chaudhari,0,0,1
"The Wrench, 
Nice prject, please update Min Hand.stl (model in this is not a minute hand)",2023-02-19 15:50:22+00:00,–ê–Ω–¥—Ä–µ–π –ö—É–∑–Ω–µ—Ü–æ–≤,0,1,1
"Wow, your channel is like a hidden gem on YouTube, keep up the great work!",2023-02-19 14:44:29+00:00,M1NX 10K?,3,0,1
i thought it was using the power of magnets or the power of wind levitation. but no. the answer was just hacking.,2023-02-19 06:04:28+00:00,Sidtanec,0,0,1
why don't you commercialise it.,2023-02-19 05:52:09+00:00,Deep Voyager,0,0,1
This feels like one of those magic tricks where it is actually even cooler when you know how it is done,2023-02-17 21:12:18+00:00,Sebbir,1,0,1
Most probably will out of sync. As there no quartz.,2023-02-17 19:24:28+00:00,rahul bali,0,0,1
Wow,2023-02-17 19:15:12+00:00,Rifat 1147,0,0,1
Bro make a video on how to make laptop with affordable price,2023-02-17 18:14:15+00:00,Mr remy the engineer,0,0,1
"Bro made the d
Dr Strange clock.",2023-02-17 17:00:29+00:00,Deepanshu,1,0,1
Need One How Much This Cost Of Your Watch I Really impressed Your Work Very Well Sir So Please Waiting Your Reply .....,2023-02-17 16:29:06+00:00,Gohil Yashpalsinh,0,0,1
Can u provide the 3d printed parts file,2023-02-17 14:24:06+00:00,Akash_ Saha,0,0,1
"I will give you an idea,  this is a business idea  üí°",2023-02-17 11:18:09+00:00,BHUSHAN,0,0,1
this is very crazy in my opinion and you are very creative in making something,2023-02-17 09:41:28+00:00,Menyayur,0,0,1
That‚Äôs amazing,2023-02-17 00:55:39+00:00,paul meynell,0,0,1
"I want to learn about the Arduino ,digital logics and circuits ,controllers and the coding behind it 
Can any body tell me where to start ? (any help is appreciated )",2023-02-16 21:00:07+00:00,Nova,0,0,1
"wouldnt it be even easier to cut two sprockets of see-through plexiglass, paint needles on them and then just solve a 360 to 60 rotation? ;-)",2023-02-16 18:56:19+00:00,S C,1,0,1
Nice projec it will be perfect with some led lignts,2023-02-16 15:40:02+00:00,ŒßŒ±œÑŒ∂Œ∑Œ¥Œ¨Œ∫Œ∑œÇ ŒëŒΩŒ¥œÅŒ≠Œ±œÇ,0,0,1
And just add some sort of led on or around the outer ring for the seconds.,2023-02-16 15:26:31+00:00,Magnus_N,0,0,1
Loved the hour hand mechanics,2023-02-16 13:04:38+00:00,Monu Singh,0,0,1
"Bad idea... Good idea - the minute hand in the clock rotate by magnt, but hour hand by small reducer. And not usual magnet, but electric magnet. When electricity ON, then it pull metal needle (pin) in minute hand, and ony in this case reducer connect hour hand with minute hand. In any enother time user can rotate booth hands as he want. Then it magicaly...",2023-02-16 12:06:11+00:00,–°–∞—à–∫–∞ –ë–µ–ª—ã–π,0,0,1
"How do you set it up initially? Do you somehow advance the minutes until it gets to the right time? A cool addition for the next revision would be to have two hall sensors at the bottom, so you know when the hour and minute hands cross the bottom part. Then you can make it self-correcting, but adding a wifi module and pulling time from the internet.",2023-02-16 10:29:19+00:00,Srdjan Stokic,56,3,1
How difficult is it if you were to include the seconds hand into the hollow clock?,2023-02-16 07:47:33+00:00,Puneet,0,0,1
"Amazing idea 
A cool idea would be to try to make it out of wood, or at least cover it with wood veneer",2023-02-15 21:28:37+00:00,Joakim Duerlinger,0,0,1
took me a second to realize the gear teeth spacing of the black gear is wider than the red to account for the different speeds the minuet hand and hour hand travel at.  Super genius.,2023-02-15 19:24:23+00:00,Rob Sasena,0,0,1
"""How i Made this""
*proceeds to explain how he didn't make this*",2023-02-15 18:57:02+00:00,Algardraug,1,0,1
what instrument is that you use to weld? I'm very interested in how that works.,2023-02-15 17:32:01+00:00,Gabriel Valete,0,4,1
"Nice variation on a Jefferson Golden Hour Mystery Clock (which I have).  The Jefferson has just a motor and the minute hand is geared to the hour hand which is locked to a glass disc that rotates smoothly without steps. 
     The only thing in your very nice design I wondered about is why you glued a red minute hand to a black piece instead of just making that black piece red... but the engineering is ingenious simplicity.",2023-02-15 16:44:58+00:00,LR Vogt,10,1,1
Beautiful,2023-02-15 13:05:55+00:00,SRS CREATIVE,0,0,1
coolest thing ive ever seen,2023-02-15 10:58:24+00:00,Hey Hovie,0,0,1
"Brother, Are you Bengali?",2023-02-15 09:18:40+00:00,"turjo""",0,1,1
"cute ""time-lapse"" that is clearly cut numerous times to make the home made clock appear to be ""perfectly accurate"". when you demoed it in the clip before, the minute hand had a smooth motion yet it spontaneously became herkie jerky for the time-lapse. and if you watch closely, the standard clock hitches every time a minute passes. I'm sure if you spent more time on finessing the clock you built you could actually have a wonderfully smooth result, but due to your lack of pride in your craftsmanship you posed a shoddy result as a ""flawless"" piece.",2023-02-15 07:18:19+00:00,NK Stallion,0,0,1
Do you have the STL for the minute hand that you glued on?,2023-02-15 07:01:21+00:00,Chadd Thompson,0,3,1
Can I know what to study to be able to do all these types of work?,2023-02-15 06:00:28+00:00,Albax Siddiqui,0,0,1
Bruhhh üî•üî•üî• you can toh sale it and start ya own business üî•üî• it's amazing,2023-02-15 05:54:23+00:00,Albax Siddiqui,0,0,1
"i love how the design isnt ""float at all cost"" but ""how to make it float, with style""

translucent acrylic will be ugly AF",2023-02-15 04:46:32+00:00,alexamder hamiltom,0,0,1
"This looks interesting. And I havean arduino too. 

Step 1: print the parts using a 3d printer

Well fuck.",2023-02-15 04:20:38+00:00,Anon the Mouce (I live in your walls),2,0,1
"I was hoping that both hands were being held in their respective places by magnets. (Using repulsion, not attraction.)",2023-02-15 00:18:44+00:00,TheAbc45678,0,0,1
"When I first saw the thumbnail I tried to take a guess at how this was made. So I thought I would use a couple of plexiglass circles with the clock hands glued on. Each circle has tooth gears on its edge, and those would be hidden by the outer wooden ring. Then the motor would be linked with them and hidden into the base. Cool to know that there was also a different way to make it!",2023-02-14 23:06:45+00:00,Mario Battaglia,8,0,1
"nice, slight improvement suggestion : to have the black circle on the other side, that way we don't see the circle moving",2023-02-14 22:06:59+00:00,Pigeon351,0,0,1
this design would look amazing as a wristwatch,2023-02-14 21:46:31+00:00,Orestis 99,0,0,1
"I wonder why is Arduino here. To get the precise time & location info via GPS, download the latest tzdata via WiFi and then adjust the clock automatically wherever in the world it is?
 To drive the hands only, a motor alone would be enough.",2023-02-14 21:42:03+00:00,Denis Khafizov,1,0,1
Can you sell it to me?,2023-02-14 21:38:48+00:00,ÿπÿ®ÿØ ÿßŸÑŸÇÿßÿØÿ± ÿÆÿßŸÑÿØ,0,0,1
"That's actually a pretty awesome idea
But now do it with the minute hand floating, too.",2023-02-14 21:25:42+00:00,OrangeC7,1,0,1
do you see them too! I want to buy,2023-02-14 19:20:36+00:00,PAKISTAN AIR DEFENCE,0,0,1
great job!,2023-02-14 18:56:31+00:00,Boris Krestianinov,0,0,1
"one way to make the minute hand looks ""disconnect"" (no touching the outer circle) is to attach the minute hand to an acrylic round gear (as big as the outer circle) and rotate the whole gear with the minute hand attached to it. 
With the big round gear as a clear background, it will be hard to notice the rotation",2023-02-14 13:33:50+00:00,Th√†nh Vinh L√™,3,2,1
Indeed ingenious engineering. üí´üï∞,2023-02-14 13:02:25+00:00,Fardeen Ansari,0,0,1
channel is very good,2023-02-14 09:05:56+00:00,Object,1,0,1
Respect,2023-02-14 07:38:28+00:00,–í–∞—Å–∏–ª–∏–π –ë–∞—Ä–∏—Ç–æ–Ω–æ–≤,0,0,1
"First of all, this is a very cool end result and really nice of you to share it with us. I watched it and was moved to think about how I could do similar things, and it was informative about the steps involved and had a pleasant end result.  So my concerns below are about replicating the same project in my own life:

It's pretty cool that it is possible to order a PCB board starting at $0 if someone has the time to design it themselves.  For the part where you design a gerber file for a custom PCB -  for someone who's never designed a gerber file like me, and has other responsibilities and doesn't yet know electronics, I looked up how many hours it would take to get to the level of competence to do this without any outsourcing, and it seems to be about 160-240 which is about 4-8 weeks full time.  It it possible for anyone to learn these skills if they have the time to fit it into their life.

In my case I would be inclined to use Fiverr to speed up the custom PCB creation step which is not an option right now, however I think it is important to be realistic and strategically work with other designers such as on CAD files for 3D printing and on PCB design.  The idea itself is really cool, and I am impressed by the finished product and thankful that you shared it.",2023-02-14 04:51:23+00:00,Robert Viragh,0,0,1
"Looks good, but sorry to say the hands didn't match.",2023-02-14 04:09:21+00:00,Sourav Mandal,0,0,1
Very good idea. I'll make it. Thank you.,2023-02-14 02:42:27+00:00,c m,0,0,1
"Pretty neat, wondering if this design was ever used before in other clocks",2023-02-14 02:20:02+00:00,User_guy,0,0,1
But Gen Z can't read the clock üòÇ,2023-02-14 00:11:08+00:00,Nathan Hedglin,1,0,1
Amazing skills,2023-02-13 21:53:12+00:00,KANAR TECH,0,0,1
using magnets was such a brilliant idea! naruhodo.,2023-02-13 21:27:33+00:00,Ethan Freeman,0,0,1
"actually i thought u can do both magnets, but then they will interferer",2023-02-13 21:16:51+00:00,JERVI,0,0,1
Where's the missing hand?,2023-02-13 21:12:54+00:00,Nathan McKean,0,0,1
is everything made out of arduino these days? Electronics used to be fun.,2023-02-13 19:15:53+00:00,sandi rupenovic,0,0,1
Amazing work and awesome product üëå,2023-02-13 19:04:48+00:00,Kevin Patel,0,0,1
"I feel smart for guessing how it worked from the thumbnail. Ultimately though, easy guess, a magnet is pretty Much the only possible solution for this form factor. You could make the hour hand a circular pane of acrylic with a hand glued in or painted on it and rotate that, but that ruins a lot of the magic.",2023-02-13 17:34:03+00:00,Luigi Mauricio,0,0,1
"How to order, and how much?",2023-02-13 16:29:23+00:00,Vin Cancan,0,0,1
This will be perfect for a school project. Loving it.,2023-02-13 16:12:26+00:00,Chu,52,0,1
Can you add seconds ??,2023-02-13 15:44:12+00:00,mertblt 7,0,0,1
Very nice build... would you mind sharing the rotor cover with hour markings as well?,2023-02-13 15:26:35+00:00,JollyChilly,3,0,1
"fantastic build, but I still to this day can only read a digital clock, so i can't use this lol",2023-02-13 15:12:57+00:00,CoolCrafts ,0,0,1
"I mean.... the clock is pretty cool, but the title seems to be taking a bit too much credit for this project and the comment section seems to have missed that too.",2023-02-13 14:54:58+00:00,Stixuo,2,0,1
"Meh... the min hand is still in contact with the clock.
Talk to me when both the hands are floating and not touching anything. üôÑ",2023-02-13 12:36:59+00:00,Minimalist SG,0,0,1
Amazing!!!!!,2023-02-13 12:32:01+00:00,TuckyÁúãSeeÊàëÁöÑÁîüÊ¥ª,0,1,1
"Looks dope.
Amazing work Wrench üëèüëè",2023-02-13 12:21:25+00:00,Jayybird,1,0,1
Until you go to other countries with different time zone....,2023-02-13 12:15:38+00:00,Aironman Legend,0,0,1
"With my DIY clock, I got an extra hour for today to spend",2023-02-13 12:09:29+00:00,Life is a hallucination,0,0,1
"Love from Amritsar, Punjabüòò",2023-02-13 11:53:49+00:00,Sona Artist,0,0,1
"Mind blown!!! 

Recently I saw a similar looking ring-clock but in a more classic fassion: there was a static vertical bar comming from the top of the ring to the center, holding a regular clock mechanism. When I saw it I thought it would be awesome if the minute hand was actually connected to the ring and moving, with an adjusted mechanism for the hour hand on the ""center end"" of the minute hand - a few days later I see this in my Recommended list :D 

Thank you Algorithm Overlord for that spark of joy! ;)",2023-02-13 09:43:54+00:00,Krzysztof Gnutek,14,0,1
I like how clever but simple the magnet part is,2023-02-13 08:51:37+00:00,Someone,0,0,1
"That is going to drift out of time very fast.
You should add a RTC.",2023-02-13 08:41:35+00:00,ProduktR,1,2,1
Nice üôÇüëç,2023-02-13 08:32:58+00:00,NCM PHOTOGRAPHY byMuhammed Nizam,0,0,1
It looks like it can be a bit loud ü§î,2023-02-13 06:57:00+00:00,IrriyaKom,0,0,1
How to buy this clock or can you make it for me. Please share the website of this project. Thanks,2023-02-13 05:49:42+00:00,Shoaib Salam,0,0,1
How much it costing to create this???,2023-02-13 04:56:32+00:00,A T Media,0,0,1
"Hi Dear Sir 
Could you please sell all of parts in package ?
I'd like to get exactly samey clock to buy it .
Is it possible?
FR I",2023-02-13 04:35:15+00:00,Fefa Fafe,0,0,1
"I thought he would glue some hands to acrylic discs and rotate them, but this design is much more ingenious and is actually hollow.",2023-02-13 04:26:24+00:00,Cloudy,0,0,1
"I'm wondering if there's a way to make both hands magnetic, or if the magnetic fields will just be too likely to overlap whenever the minute hand passes over the hour hand. Maybe with a buffer zone between the two... but then, of course, you'd need something else to hold up the center point, negating the premise of the ""hollow"" clock. I mean, it's still pretty impressive looking even if you use a clear background, you just can't put your hand through it... But then, if both hands used magnets, you could completely hide the mechanical workings of the clock (right now, you can still see the circles turning if you know where to look).

I'm might be having way too much fun backseat engineering this clock, heh. The current product is amazingly cool as is, it's just that to my brain, once I saw the magnet solution for the hour hand... whelp.",2023-02-13 03:46:19+00:00,"Karin [CAR-in, not CARE-en]",0,1,1
That is amazing üí™,2023-02-13 03:46:02+00:00,Milan Vuk Stankovic,0,0,1
Its good widio,2023-02-13 03:17:04+00:00,Ahmed Joseph El Jawwi,0,0,1
"This project is great. It's one of those there where it's simple and makes sense, but it just messes with your mind.",2023-02-13 02:45:27+00:00,Nick Leffler,0,0,1
"Hello.  
Please excuse me, but I did not see (did not find) a link to the firmware for Arduino Nano.  Please tell me where I can find it. 
 And, I apologize for my English - Google translator is sometimes naughty. ü§™",2023-02-13 02:42:50+00:00,–°–∞–Ω—ã—á,0,0,1
"Looking at such videos and Intelligent people, I keep believing that time travel is possible.",2023-02-13 00:02:12+00:00,Vachan Sharma,0,0,1
This is awesome!,2023-02-12 23:30:30+00:00,x9x9x9x9x9,0,0,1
"Amazing. The way you used the magnets is so ingenious!
Absolutely fantastic!",2023-02-12 23:19:37+00:00,thecyberspaceman,2,3,1
amazing,2023-02-12 23:04:24+00:00,SATU JALAN CHANNEL,0,0,1
Looks good but definitely not perfectly accurateüôÉ,2023-02-12 23:01:01+00:00,Aitor Ter√°n,0,0,1
"Prefectly accurate! No seriously, looks amazing ;)",2023-02-12 22:49:07+00:00,E,8,0,1
"y'know what would be sexy? some 3d printed numbers glued on, a lil lcd showing the precise time (at the bottom instead of the microcontroller panel) and some backlight",2023-02-12 22:25:07+00:00,SpunchBob SqueerPants,0,0,1
"saw a version of that the other day, it had both hands mounted to an acrylic plate and being moved by magnets. but it was bulky af, probably so that the magnets don't interfere? this version is much more elegant!",2023-02-12 22:17:16+00:00,This Random Guy,0,0,1
"Cool, but not accurate (according to time lapse)",2023-02-12 22:09:45+00:00,VeeGames,0,0,1
sexy!! üî•üî•üî•üî•üî•üî•üî•,2023-02-12 21:50:11+00:00,Aamir Hoda,0,0,1
I desinged something very similar to this like 15 years ago. I never made it because 3D printing wasn't a thing back then and getting the parts made in a workshop would have cost $$$$$. How 3D printers have changed the world for the at-home designer!,2023-02-12 21:41:40+00:00,Joshua Fifis,12,1,1
Bro do u ever sell these ? Anyone ??? I really need one,2023-02-12 21:37:13+00:00,Arafat Mujawar,0,0,1
"very nice idea, but i thnk that the time it s not accurate,",2023-02-12 20:22:24+00:00,uscerzen necs,1,0,1
Does the Arduino handle daylight savings time?,2023-02-12 19:48:34+00:00,Bob Wakefield,0,0,1
"Would it be possible to build this, but have the hands mounted to a piece of acrylic in the middle, with no signs of support, and BOTH hands controlled by magnets? Or would the magnets interfere with both hands operating independently?",2023-02-12 19:14:55+00:00,Pickles The Ott,2,2,1
you need to manufacture this and sell so i can buy..,2023-02-12 18:54:04+00:00,Berry Jam,0,0,1
Really clean build (and desk!),2023-02-12 18:41:23+00:00,Anant,1,0,1
"I was thinking magnets when I saw the thumbnail, it's neat to see I was right.",2023-02-12 18:34:05+00:00,GCGamer 4,0,0,1
the original design is very clever,2023-02-12 18:01:59+00:00,aldo b,0,0,1
Love the clock. But the electronic aspect seems unnecessary. Could be done with a simple DC motor and a resistor instead of a stepper and arduino. Although it's an excellent exercise with coding! Great work,2023-02-12 17:57:37+00:00,Martin Hall,0,0,1
"So he found a design online and decided to make a sponsored video about him making it, with affiliate links in the description. While not illegal, this method of making money isn't very ""clean"" in my opinion",2023-02-12 17:41:12+00:00,◊ó◊†◊†◊ê◊ú ◊®◊ï◊¢◊ô ◊ê◊®◊ë◊ú,2,0,1
Very creative and excellent work,2023-02-12 17:34:33+00:00,Ben Sherm,1,0,1
Wonderful üëç,2023-02-12 17:12:40+00:00,Suman Roy,1,0,1
Cool project .... sweet use of the magnets,2023-02-12 17:04:51+00:00,John Jacob JinglehimerSchmidt,0,0,1
"I just searched the video to know the mechanism behind the slow moving hand ,
Then the use of magnets just blowen my Mind.Hats off to ur engineering n idea",2023-02-12 16:50:44+00:00,Jagadish Kumar,0,0,1
"Just looking at the thumbnail, my guess is two motors, one in the center to move the hour hand counter to the minute hand, which moves with a ring around the full edge. That sounds nuts and I can‚Äôt wait to see how it‚Äôs actually done

Edit: oh my god that‚Äôs genius",2023-02-12 16:45:11+00:00,Zachary Gerbi,15,0,1
Great engineering bro üòÅ,2023-02-12 16:44:48+00:00,Amit Kumar,0,0,1
"Me: wow this looks cool lets see how to make it
The Wrench: step 1. Lets use the 3d printer
Me: ok, bye have a great time",2023-02-12 16:39:39+00:00,Prem Prabhakar,1,1,1
"Cool. But sorry, why did you used a stepper, it would be cheaper using a dc Motor with speed tuned to match clock rotation. Much cheaper and easier",2023-02-12 16:24:59+00:00,OfFrenk,0,0,1
"If the black connector of the minute hand is replaced by transparent connector , it would have given little more better",2023-02-12 16:03:39+00:00,Nikhil Jacob,0,0,1
Thank you rajaj! That was very entertaining,2023-02-12 16:00:51+00:00,Voidex,0,1,1
Insanely creative man!!!!,2023-02-12 15:53:33+00:00,Ravi Tomar,0,0,1
Cool design,2023-02-12 15:37:58+00:00,TechnoLeon,0,0,1
God job! Greate video!,2023-02-12 14:53:04+00:00,Oleh Seletkov,0,0,1
Wow. You printet and assembled someone elses prosject.,2023-02-12 14:50:10+00:00,Kristiansen Vision,1,0,1
Plz make some more lattepanda mini portable slimmer laptop and do a showcase with playing Minecraft java or genshin impact or asphalt 9 plzz I miss them,2023-02-12 14:31:23+00:00,Patrick Reinaldo,0,0,1
I want buy this product ... How much????,2023-02-12 14:27:56+00:00,Amar Tanwar,0,0,1
"if i had a 3d printer, i'd try this.",2023-02-12 13:43:56+00:00,DEATHSTROKE,0,0,1
Is the clock now working. I know one of them the people had issues with,2023-02-12 13:43:20+00:00,Frikkie Smit,0,0,1
This channel has really grown since the last time I've seen it. I still remember the mini pc video lol.,2023-02-12 13:19:06+00:00,H·ªìng Ph√∫c V≈©,1,0,1
coolÔºÅ,2023-02-12 11:46:04+00:00,hurry hu,0,0,1
Great idea!,2023-02-12 11:45:30+00:00,MechmanGetrieb,0,0,1
Amazing ideas,2023-02-12 11:38:54+00:00,Bunga itu indah Sekali,0,0,1
Great video and a super cool clock. I've got a Jefferson golden hour mystery clock that's almost 70 years old. It's still working fine and keeps good time with its 50Hz replacement motor. The principle is the same but the Jefferson has style as well as function.,2023-02-12 10:11:01+00:00,nevmeister,4,2,1
Can u give me link for that soldering iron please ...,2023-02-12 09:59:52+00:00,Ankush Goyal,1,1,1
When I was a baby boy I couldn't read the clock hands and my school teachers were like what in the world and I was also wondering why the hell the clocks on the hands just show numbers  but when the first smart phones came out I knew I was from the future that was 32 years later.,2023-02-12 09:20:46+00:00,BHARGAV GAJJAR,0,0,1
"What I love most about it is the simplicity of the magnet. When seeing the thumbnail, i was already over engineering it in my head thinking about how the rotation of the minute hand would  be geared up in the center so that it moved the hour one‚Ä¶",2023-02-12 08:53:50+00:00,Matthias Y. Reich,1400,29,1
You can sell it commercially,2023-02-12 08:29:06+00:00,Hyder Notes,0,0,1
"Nice project.
But it's 1 second off.",2023-02-12 07:56:16+00:00,NUHASH RAHMAN,0,0,1
0:26 with just the first step i left the project,2023-02-12 06:24:11+00:00,ChIrUsHa,1,0,1
Awesome,2023-02-12 04:38:55+00:00,Peter 360 adventures,0,0,1
Very genius design..i liked it üî•,2023-02-12 04:06:04+00:00,Hilmy Haidar,1,0,1
"Lookup cartier magic clock, its even better",2023-02-12 03:18:49+00:00,jacob,0,0,1
"Absolutely ingenious.  And a fantastic build, too!",2023-02-12 02:12:14+00:00,Ng Smith,140,0,1
"Nice idea.
When designing a PCB that I know I won't be using connectors, I prefer providing a hole to have the wires pass through or a double hole to use a pvc wire strap.",2023-02-12 02:03:35+00:00,santo Pino,9,1,1
You know what would sell the illusion even more? Printing that black gear with clear plastic.,2023-02-12 02:03:22+00:00,AetheralMeowstic,0,0,1
"I remember when I realized something like this was possible! Glad someone who could make it did too!
Edit: my idea used some form of mechanical linkage through the minute hand to drive the hour hand though",2023-02-12 01:34:26+00:00,Zot Fleischer,23,0,1
I love this one . For real,2023-02-12 01:15:24+00:00,Blue,0,0,1
"That is awesome, wow. Could you have two rings with magnets, one for each pointer?",2023-02-12 00:51:57+00:00,Lima 713,0,2,1
"If the connection from the outer ring to the minute hand was transparent, it would really look like magic",2023-02-11 21:42:25+00:00,Frank Roquemore,5,3,1
"Sick design, good works",2023-02-11 21:12:02+00:00,CSaratakij,0,0,1
Love the idea of magnets - possibly next idea is glue the centre onto the back .... ?,2023-02-11 20:32:10+00:00,Ivan G-S,0,0,1
Amazing  work man  ..I have downloaded the files but I can't find the Arduino code !?,2023-02-11 19:06:48+00:00,Ahmed Elgazzar,0,0,1
I have a Vintage 1950s Jefferson Art Deco Golden Hour Mystery Clock. It works differently but gives the same illusion.,2023-02-11 18:33:28+00:00,rockubtzer,0,0,1
"Rechargeable Battery version... Coming soon?
Looks very wonderful to be true.",2023-02-11 18:23:53+00:00,Nexcell Pride,0,1,1
This is just wow! Amazing!,2023-02-11 17:00:42+00:00,Gabriel,0,0,1
Combine this with a Dyson bladeless fan and you're golden,2023-02-11 16:55:51+00:00,joedirtpig,0,0,1
Very brilliant idea,2023-02-11 16:27:20+00:00,loving krithik,0,1,1
"v cool, the effect is really striking, and i feel dumb for expecting some elaborate linkage or servo system and not just magnets",2023-02-11 16:24:50+00:00,ZCJKF13GDG4,0,0,1
That could make money.,2023-02-11 14:56:16+00:00,Awaitingthetrumpetcall,0,0,1
Can you send the pcb link too,2023-02-11 13:57:17+00:00,Rounakart,0,0,1
awesome,2023-02-11 13:33:17+00:00,Himanshu,1,0,1
Good!,2023-02-11 13:21:14+00:00,Vadim Chernov,0,0,1
"That‚Äôs beautiful.
How did you make the hands take steps in the end?",2023-02-11 12:13:43+00:00,MIGHTYcbu,0,0,1
you could probably go magnet-less if you hide gears for turning red inside the black clock hand,2023-02-11 11:46:26+00:00,[CYXXYC],0,2,1
Very good well done my friendüôÇü§ùü§ùü§ù,2023-02-11 10:21:44+00:00,ErCan Everything,0,0,1
Super like boss,2023-02-11 09:40:49+00:00,Style Hackers,0,0,1
Ok that's nice ...,2023-02-11 08:05:18+00:00,TORMY VAN COOL,0,0,1
Why don't you sell these products like on Amazon,2023-02-11 06:06:28+00:00,sajal verma,0,0,1
"Next project, the hollow bathroom",2023-02-11 04:36:09+00:00,muhammad sukroni,0,0,1
Very nice. Can you please tell me the name of the soldering iron?,2023-02-11 02:53:44+00:00,Wedo ourbest,3,0,1
Great project,2023-02-11 02:03:04+00:00,LeNoir,0,0,1
I have to print this!!!!!! Amazing,2023-02-10 22:09:19+00:00,ENOvation,0,0,1
"That is quite clever, but if I ever get around to making one, I think I'll limit it to two moving parts, or parhaps three, including a second hand. I'm not quite sure how easy that would be.",2023-02-10 22:01:08+00:00,Felix Nielsen,13,1,1
cool but it does not tell the time lol,2023-02-10 21:37:03+00:00,Josip ƒêakovac,0,0,1
Good clock,2023-02-10 20:25:48+00:00,Darshil Yadav,0,0,1
I guess your clock is too noisy,2023-02-10 19:44:34+00:00,–†–∏–∫–∏ —Å –î–∞–≥–æ–Ω–æ–º,1,0,1
"Concept cool, but not really telling time more of a sculpture I wouldn't call it a clock without a more advanced design.",2023-02-10 19:07:32+00:00,Kyle Lewandowski,1,0,1
Please sel me,2023-02-10 18:20:14+00:00,Shamsad Alam,1,0,1
Wow ü§Ø,2023-02-10 17:17:29+00:00,BleJensey Gaming,1,0,1
you should sell this clock online Trust me You become milliner.,2023-02-10 15:51:06+00:00,The Monster Show,4,1,1
how you know the minutes?,2023-02-10 15:20:41+00:00,Milons Restaurant,1,0,1
Such a lovely and my favourite üòç channel in my school days onwards,2023-02-10 14:01:24+00:00,Manoj G,0,0,1
Awesome üòéüëç,2023-02-10 12:57:36+00:00,Chandan Kishore Chutia,1,0,1
Give me this üôÇ,2023-02-10 12:55:37+00:00,Shangyeaa Gaming üÖ•,1,0,1
bro needs to patent the idea,2023-02-10 12:17:15+00:00,Nobel,2,0,1
Thats so amazing!!,2023-02-10 11:53:21+00:00,Hanif Ahmad Fauzi,1,0,1
nice,2023-02-10 08:58:31+00:00,Norrapat Nim,1,0,1
"Hey! Wrench I love watching your videos, and I am also kept creating such DIY stuff inspired by you the thing is nowadays I am planning to mod and convert my old boring pc cabinet to a very interesting and my most favourite theme that is IRONMAN theme pc cabinet and I actually have planned everything very nicely, the place where I stuck is that I want a miniature of an ARC-REACTOR at the front side of my cabinet which should look similar to the one in the movies and also glows like the same bluish color whenever I want. Some miniatures are actually available at online sites but they are not like same or either so costly, so its my request that please can you help me with some of your views and ideas with this and creating an ARC-REACTOR which is non-3d printed, cheap cost ,looks and glows same, easily usable, less problematic. Thank you. LOVE YOU 3000üíôüíõ‚ù§.",2023-02-10 08:51:24+00:00,AADI 2oo4,38,0,1
how long can that little magnet last? more than 5 years?,2023-02-10 06:17:48+00:00,Luthfƒ± Ry,2,1,1
Really cool.,2023-02-10 00:16:36+00:00,Jo√£o Xavier,2,0,1
So coolü§©,2023-02-09 23:41:59+00:00,Muhammad Raihan Alfikri,1,0,1
"Magnets, that's a simple, yet elegant solution and way less complex than what I had in mind, which is running a thin rod through the center of the large arm and stick a diagonal gear to it which would spin the small arms diagonal gear",2023-02-09 23:31:40+00:00,TheMidnightBanshee 59,241,7,1
I wish i had 3d printer,2023-02-09 22:48:44+00:00,Rageeb Pathan,1,0,1
Cool,2023-02-09 22:48:13+00:00,Rageeb Pathan,1,0,1
"This is a reproduction of Jefferson golden hour clock , very popular  in US 1950 period. 
We can still get from US vintage market.",2023-02-09 22:37:43+00:00,Áü≥Â±±,6,1,1
Really nice. Many congratulations. üëç,2023-02-09 21:55:20+00:00,unknowww2,1,0,1
Nice,2023-02-09 20:48:26+00:00,Hamdi Fouzai,1,0,1
Wow,2023-02-09 03:50:35+00:00,Creative Kashmiri,1,0,1
Amazing,2023-02-09 03:21:53+00:00,ùó∏ùóªùóºùòÖ,1,0,1
So cool,2023-02-08 22:57:16+00:00,mahdi shakiba,1,0,1
Bro how much it cost it to make you these,2023-02-08 20:39:18+00:00,Vaibhav vishwakarma,1,0,1
VERY NICE PROJECT:) FROM YOO PROJECTS,2023-02-08 18:03:02+00:00,Yoo Projects,1,0,1
bro you are unique love you bro‚ù§,2023-02-08 17:57:19+00:00,bozo kumar,0,0,1
Bro please make an Air conditioner,2023-02-08 14:14:44+00:00,Dhanush S Gireesh,1,0,1
Amazing clock,2023-02-08 12:32:16+00:00,Jay Kumar Turate,1,0,1
"Good concept but, it might be bether  if you add a RTC and some encoders and maybe some buttons to set the time, without the need to reprogram the arduino",2023-02-08 12:28:31+00:00,Igor T,0,1,1
Nice video Big Brother Love From India üáÆüá≥,2023-02-08 10:49:02+00:00,Unomax Gamer,3,0,1
"great, but it doesn't really tell the real time, you should add RTC real time clock module or using nodemcu for getting the time from the internet.
but still nice to watch",2023-02-08 09:16:54+00:00,a6dulsalam,5,2,1
Amazing work bro!!!,2023-02-08 04:40:50+00:00,Avlr,1,0,1
Wow very cool,2023-02-08 01:31:18+00:00,Lostplayer16,2,0,1
Amazing idea,2023-02-07 21:20:14+00:00,Mohamed El-Mogy,0,0,1
Nice,2023-02-06 22:39:45+00:00,Yedukondalu Midde,1,1,1
This Hollow Clock Idea is Amazing and I Definitely tried this Hollow Clock From My Homeüòâ,2023-02-06 05:55:24+00:00,AK GUPTA,10,2,1
Wow Amazing.üëäüíó,2023-02-06 05:35:57+00:00,TronicMade,1,1,1
"Do you know why YouTube didn't support diy videos ? I think it is only with me.... I have a channel named @sarvagnaraval
... I uploaded more than 100 videos.... Also my video quality is good...and ideas also... But i didn't know why YouTube didn't support it üò© ghor kalyug hai bro üòÜ",2023-02-05 16:13:17+00:00,Dhruv Raval,0,0,1
looks awesome,2023-02-04 19:16:49+00:00,ezz eldin,1,0,1
Can you make a small ATM with bill and coin recognition!? (for personal use),2023-02-04 09:09:56+00:00,Anna Cipriano,0,0,1
Nice project,2023-02-04 05:16:29+00:00,Elektronik At√∂lyem,2,1,1
It was looking great and porfunce to,2023-02-03 13:32:15+00:00,Free time Gaming,2,0,1
You can use rgb in this clock behind or inside,2023-02-03 06:09:20+00:00,MD Menhaj uddin,0,0,1
Please give this master piece üíï,2023-02-02 17:58:07+00:00,Ayaan Ali,1,0,1
Love it keep  up da good work,2023-02-02 16:31:28+00:00,Tech-O-V,2,1,1
"Brilliant work, dude! Really well done!!! üòÉ
Stay safe there with your family! üññüòä",2023-02-02 12:22:26+00:00,MC's Creations,33,4,1
"Thanks, üëç!",2023-02-02 12:16:09+00:00,ftpashkov,1,0,1
Cool,2023-02-02 10:15:46+00:00,NO NAME !,1,1,1
Amazing!,2023-02-02 10:08:10+00:00,Techs Science,1,0,1
"VERY GOOD

(  !!! PLEASE DO NOT ADD BACKGROUND MUSƒ∞C )",2023-02-02 09:32:38+00:00,ERDEM OLUDENƒ∞Z,1,1,1
More tiny pc builds pls,2023-02-02 09:09:43+00:00,Rohan Bardia,77,3,1
This is great for putting all the electronic at the bottom part. I thought there might be some wires in the upper ring.üëçüèª,2023-02-02 07:53:01+00:00,Luca Lau,20,0,1
Hey Wrench I am from Pakistan and i wanted to know how is it like in India and do a Pc build or Pc review.,2023-02-02 07:50:48+00:00,Amir Rehman,4,0,1
Nice‚ù§,2023-02-02 07:42:57+00:00,kp tech tv,3,1,1
That's very nice bhai,2023-02-02 07:35:25+00:00,ANISH SHAH 07,2,1,1
Seesh this is fire bro you need more subs work herd you have the things needed to grow too,2023-02-02 07:34:32+00:00,Halal Chad 786,2,0,1
That's so cool,2023-02-02 07:32:11+00:00,Hardikk,1,1,1
Amazing üëçüëç,2023-02-02 07:32:05+00:00,Alok Raj,2,1,1
